SMITH,English
JOHNSON,English
WILLIAMS,English
BROWN,English
JONES,English
MILLER,English
DAVIS,English
GARCIA,English
RODRIGUEZ,English
WILSON,English
MARTINEZ,English
ANDERSON,English
TAYLOR,English
THOMAS,English
HERNANDEZ,English
MOORE,English
MARTIN,English
JACKSON,English
THOMPSON,English
WHITE,English
LOPEZ,English
LEE,English
GONZALEZ,English
HARRIS,English
CLARK,English
LEWIS,English
ROBINSON,English
WALKER,English
PEREZ,English
HALL,English
YOUNG,English
ALLEN,English
SANCHEZ,English
WRIGHT,English
KING,English
SCOTT,English
GREEN,English
BAKER,English
ADAMS,English
NELSON,English
HILL,English
RAMIREZ,English
CAMPBELL,English
MITCHELL,English
ROBERTS,English
CARTER,English
PHILLIPS,English
EVANS,English
TURNER,English
TORRES,English
PARKER,English
COLLINS,English
EDWARDS,English
STEWART,English
FLORES,English
MORRIS,English
NGUYEN,English
MURPHY,English
RIVERA,English
COOK,English
ROGERS,English
MORGAN,English
PETERSON,English
COOPER,English
REED,English
BAILEY,English
BELL,English
GOMEZ,English
KELLY,English
HOWARD,English
WARD,English
COX,English
DIAZ,English
RICHARDSON,English
WOOD,English
WATSON,English
BROOKS,English
BENNETT,English
GRAY,English
JAMES,English
REYES,English
CRUZ,English
HUGHES,English
PRICE,English
MYERS,English
LONG,English
FOSTER,English
SANDERS,English
ROSS,English
MORALES,English
POWELL,English
SULLIVAN,English
RUSSELL,English
ORTIZ,English
JENKINS,English
GUTIERREZ,English
PERRY,English
BUTLER,English
BARNES,English
FISHER,English
HENDERSON,English
COLEMAN,English
SIMMONS,English
PATTERSON,English
JORDAN,English
REYNOLDS,English
HAMILTON,English
GRAHAM,English
KIM,English
GONZALES,English
ALEXANDER,English
RAMOS,English
WALLACE,English
GRIFFIN,English
WEST,English
COLE,English
HAYES,English
CHAVEZ,English
GIBSON,English
BRYANT,English
ELLIS,English
STEVENS,English
MURRAY,English
FORD,English
MARSHALL,English
OWENS,English
MCDONALD,English
HARRISON,English
RUIZ,English
KENNEDY,English
WELLS,English
ALVAREZ,English
WOODS,English
MENDOZA,English
CASTILLO,English
OLSON,English
WEBB,English
WASHINGTON,English
TUCKER,English
FREEMAN,English
BURNS,English
HENRY,English
VASQUEZ,English
SNYDER,English
SIMPSON,English
CRAWFORD,English
JIMENEZ,English
PORTER,English
MASON,English
SHAW,English
GORDON,English
WAGNER,English
HUNTER,English
ROMERO,English
HICKS,English
DIXON,English
HUNT,English
PALMER,English
ROBERTSON,English
BLACK,English
HOLMES,English
STONE,English
MEYER,English
BOYD,English
MILLS,English
WARREN,English
FOX,English
ROSE,English
RICE,English
MORENO,English
SCHMIDT,English
PATEL,English
FERGUSON,English
NICHOLS,English
HERRERA,English
MEDINA,English
RYAN,English
FERNANDEZ,English
WEAVER,English
DANIELS,English
STEPHENS,English
GARDNER,English
PAYNE,English
KELLEY,English
DUNN,English
PIERCE,English
ARNOLD,English
TRAN,English
SPENCER,English
PETERS,English
HAWKINS,English
GRANT,English
HANSEN,English
CASTRO,English
HOFFMAN,English
HART,English
ELLIOTT,English
CUNNINGHAM,English
KNIGHT,English
BRADLEY,English
CARROLL,English
HUDSON,English
DUNCAN,English
ARMSTRONG,English
BERRY,English
ANDREWS,English
JOHNSTON,English
RAY,English
LANE,English
RILEY,English
CARPENTER,English
PERKINS,English
AGUILAR,English
SILVA,English
RICHARDS,English
WILLIS,English
MATTHEWS,English
CHAPMAN,English
LAWRENCE,English
GARZA,English
VARGAS,English
WATKINS,English
WHEELER,English
LARSON,English
CARLSON,English
HARPER,English
GEORGE,English
GREENE,English
BURKE,English
GUZMAN,English
MORRISON,English
MUNOZ,English
JACOBS,English
OBRIEN,English
LAWSON,English
FRANKLIN,English
LYNCH,English
BISHOP,English
CARR,English
SALAZAR,English
AUSTIN,English
MENDEZ,English
GILBERT,English
JENSEN,English
WILLIAMSON,English
MONTGOMERY,English
HARVEY,English
OLIVER,English
HOWELL,English
DEAN,English
HANSON,English
WEBER,English
GARRETT,English
SIMS,English
BURTON,English
FULLER,English
SOTO,English
MCCOY,English
WELCH,English
CHEN,English
SCHULTZ,English
WALTERS,English
REID,English
FIELDS,English
WALSH,English
LITTLE,English
FOWLER,English
BOWMAN,English
DAVIDSON,English
MAY,English
DAY,English
SCHNEIDER,English
NEWMAN,English
BREWER,English
LUCAS,English
HOLLAND,English
WONG,English
BANKS,English
SANTOS,English
CURTIS,English
PEARSON,English
DELGADO,English
VALDEZ,English
PENA,English
RIOS,English
DOUGLAS,English
SANDOVAL,English
BARRETT,English
HOPKINS,English
KELLER,English
GUERRERO,English
STANLEY,English
BATES,English
ALVARADO,English
BECK,English
ORTEGA,English
WADE,English
ESTRADA,English
CONTRERAS,English
BARNETT,English
CALDWELL,English
SANTIAGO,English
LAMBERT,English
POWERS,English
CHAMBERS,English
NUNEZ,English
CRAIG,English
LEONARD,English
LOWE,English
RHODES,English
BYRD,English
GREGORY,English
SHELTON,English
FRAZIER,English
BECKER,English
MALDONADO,English
FLEMING,English
VEGA,English
SUTTON,English
COHEN,English
JENNINGS,English
PARKS,English
MCDANIEL,English
WATTS,English
BARKER,English
NORRIS,English
VAUGHN,English
VAZQUEZ,English
HOLT,English
SCHWARTZ,English
STEELE,English
BENSON,English
NEAL,English
DOMINGUEZ,English
HORTON,English
TERRY,English
WOLFE,English
HALE,English
LYONS,English
GRAVES,English
HAYNES,English
MILES,English
PARK,English
WARNER,English
PADILLA,English
BUSH,English
THORNTON,English
MCCARTHY,English
MANN,English
ZIMMERMAN,English
ERICKSON,English
FLETCHER,English
MCKINNEY,English
PAGE,English
DAWSON,English
JOSEPH,English
MARQUEZ,English
REEVES,English
KLEIN,English
ESPINOZA,English
BALDWIN,English
MORAN,English
LOVE,English
ROBBINS,English
HIGGINS,English
BALL,English
CORTEZ,English
LE,English
GRIFFITH,English
BOWEN,English
SHARP,English
CUMMINGS,English
RAMSEY,English
HARDY,English
SWANSON,English
BARBER,English
ACOSTA,English
LUNA,English
CHANDLER,English
BLAIR,English
DANIEL,English
CROSS,English
SIMON,English
DENNIS,English
OCONNOR,English
QUINN,English
GROSS,English
NAVARRO,English
MOSS,English
FITZGERALD,English
DOYLE,English
MCLAUGHLIN,English
ROJAS,English
RODGERS,English
STEVENSON,English
SINGH,English
YANG,English
FIGUEROA,English
HARMON,English
NEWTON,English
PAUL,English
MANNING,English
GARNER,English
MCGEE,English
REESE,English
FRANCIS,English
BURGESS,English
ADKINS,English
GOODMAN,English
CURRY,English
BRADY,English
CHRISTENSEN,English
POTTER,English
WALTON,English
GOODWIN,English
MULLINS,English
MOLINA,English
WEBSTER,English
FISCHER,English
CAMPOS,English
AVILA,English
SHERMAN,English
TODD,English
CHANG,English
BLAKE,English
MALONE,English
WOLF,English
HODGES,English
JUAREZ,English
GILL,English
FARMER,English
HINES,English
GALLAGHER,English
DURAN,English
HUBBARD,English
CANNON,English
MIRANDA,English
WANG,English
SAUNDERS,English
TATE,English
MACK,English
HAMMOND,English
CARRILLO,English
TOWNSEND,English
WISE,English
INGRAM,English
BARTON,English
MEJIA,English
AYALA,English
SCHROEDER,English
HAMPTON,English
ROWE,English
PARSONS,English
FRANK,English
WATERS,English
STRICKLAND,English
OSBORNE,English
MAXWELL,English
CHAN,English
DELEON,English
NORMAN,English
HARRINGTON,English
CASEY,English
PATTON,English
LOGAN,English
BOWERS,English
MUELLER,English
GLOVER,English
FLOYD,English
HARTMAN,English
BUCHANAN,English
COBB,English
FRENCH,English
KRAMER,English
MCCORMICK,English
CLARKE,English
TYLER,English
GIBBS,English
MOODY,English
CONNER,English
SPARKS,English
MCGUIRE,English
LEON,English
BAUER,English
NORTON,English
POPE,English
FLYNN,English
HOGAN,English
ROBLES,English
SALINAS,English
YATES,English
LINDSEY,English
LLOYD,English
MARSH,English
MCBRIDE,English
OWEN,English
SOLIS,English
PHAM,English
LANG,English
PRATT,English
LARA,English
BROCK,English
BALLARD,English
TRUJILLO,English
SHAFFER,English
DRAKE,English
ROMAN,English
AGUIRRE,English
MORTON,English
STOKES,English
LAMB,English
PACHECO,English
PATRICK,English
COCHRAN,English
SHEPHERD,English
CAIN,English
BURNETT,English
HESS,English
LI,English
CERVANTES,English
OLSEN,English
BRIGGS,English
OCHOA,English
CABRERA,English
VELASQUEZ,English
MONTOYA,English
ROTH,English
MEYERS,English
CARDENAS,English
FUENTES,English
WEISS,English
HOOVER,English
WILKINS,English
NICHOLSON,English
UNDERWOOD,English
SHORT,English
CARSON,English
MORROW,English
COLON,English
HOLLOWAY,English
SUMMERS,English
BRYAN,English
PETERSEN,English
MCKENZIE,English
SERRANO,English
WILCOX,English
CAREY,English
CLAYTON,English
POOLE,English
CALDERON,English
GALLEGOS,English
GREER,English
RIVAS,English
GUERRA,English
DECKER,English
COLLIER,English
WALL,English
WHITAKER,English
BASS,English
FLOWERS,English
DAVENPORT,English
CONLEY,English
HOUSTON,English
HUFF,English
COPELAND,English
HOOD,English
MONROE,English
MASSEY,English
ROBERSON,English
COMBS,English
FRANCO,English
LARSEN,English
PITTMAN,English
RANDALL,English
SKINNER,English
WILKINSON,English
KIRBY,English
CAMERON,English
BRIDGES,English
ANTHONY,English
RICHARD,English
KIRK,English
BRUCE,English
SINGLETON,English
MATHIS,English
BRADFORD,English
BOONE,English
ABBOTT,English
CHARLES,English
ALLISON,English
SWEENEY,English
ATKINSON,English
HORN,English
JEFFERSON,English
ROSALES,English
YORK,English
CHRISTIAN,English
PHELPS,English
FARRELL,English
CASTANEDA,English
NASH,English
DICKERSON,English
BOND,English
WYATT,English
FOLEY,English
CHASE,English
GATES,English
VINCENT,English
MATHEWS,English
HODGE,English
GARRISON,English
TREVINO,English
VILLARREAL,English
HEATH,English
DALTON,English
VALENCIA,English
CALLAHAN,English
HENSLEY,English
ATKINS,English
HUFFMAN,English
ROY,English
BOYER,English
SHIELDS,English
LIN,English
HANCOCK,English
GRIMES,English
GLENN,English
CLINE,English
DELACRUZ,English
CAMACHO,English
DILLON,English
PARRISH,English
ONEILL,English
MELTON,English
BOOTH,English
KANE,English
BERG,English
HARRELL,English
PITTS,English
SAVAGE,English
WIGGINS,English
BRENNAN,English
SALAS,English
MARKS,English
RUSSO,English
SAWYER,English
BAXTER,English
GOLDEN,English
HUTCHINSON,English
LIU,English
WALTER,English
MCDOWELL,English
WILEY,English
RICH,English
HUMPHREY,English
JOHNS,English
KOCH,English
SUAREZ,English
HOBBS,English
BEARD,English
GILMORE,English
IBARRA,English
KEITH,English
MACIAS,English
KHAN,English
ANDRADE,English
WARE,English
STEPHENSON,English
HENSON,English
WILKERSON,English
DYER,English
MCCLURE,English
BLACKWELL,English
MERCADO,English
TANNER,English
EATON,English
CLAY,English
BARRON,English
BEASLEY,English
ONEAL,English
PRESTON,English
SMALL,English
WU,English
ZAMORA,English
MACDONALD,English
VANCE,English
SNOW,English
MCCLAIN,English
STAFFORD,English
OROZCO,English
BARRY,English
ENGLISH,English
SHANNON,English
KLINE,English
JACOBSON,English
WOODARD,English
HUANG,English
KEMP,English
MOSLEY,English
PRINCE,English
MERRITT,English
HURST,English
VILLANUEVA,English
ROACH,English
NOLAN,English
LAM,English
YODER,English
MCCULLOUGH,English
LESTER,English
SANTANA,English
VALENZUELA,English
WINTERS,English
BARRERA,English
LEACH,English
ORR,English
BERGER,English
MCKEE,English
STRONG,English
CONWAY,English
STEIN,English
WHITEHEAD,English
BULLOCK,English
ESCOBAR,English
KNOX,English
MEADOWS,English
SOLOMON,English
VELEZ,English
ODONNELL,English
KERR,English
STOUT,English
BLANKENSHIP,English
BROWNING,English
KENT,English
LOZANO,English
BARTLETT,English
PRUITT,English
BUCK,English
BARR,English
GAINES,English
DURHAM,English
GENTRY,English
MCINTYRE,English
SLOAN,English
MELENDEZ,English
ROCHA,English
HERMAN,English
SEXTON,English
MOON,English
HENDRICKS,English
RANGEL,English
STARK,English
LOWERY,English
HARDIN,English
HULL,English
SELLERS,English
ELLISON,English
CALHOUN,English
GILLESPIE,English
MORA,English
KNAPP,English
MCCALL,English
MORSE,English
DORSEY,English
WEEKS,English
NIELSEN,English
LIVINGSTON,English
LEBLANC,English
MCLEAN,English
BRADSHAW,English
GLASS,English
MIDDLETON,English
BUCKLEY,English
SCHAEFER,English
FROST,English
HOWE,English
HOUSE,English
MCINTOSH,English
HO,English
PENNINGTON,English
REILLY,English
HEBERT,English
MCFARLAND,English
HICKMAN,English
NOBLE,English
SPEARS,English
CONRAD,English
ARIAS,English
GALVAN,English
VELAZQUEZ,English
HUYNH,English
FREDERICK,English
RANDOLPH,English
CANTU,English
FITZPATRICK,English
MAHONEY,English
PECK,English
VILLA,English
MICHAEL,English
DONOVAN,English
MCCONNELL,English
WALLS,English
BOYLE,English
MAYER,English
ZUNIGA,English
GILES,English
PINEDA,English
PACE,English
HURLEY,English
MAYS,English
MCMILLAN,English
CROSBY,English
AYERS,English
CASE,English
BENTLEY,English
SHEPARD,English
EVERETT,English
PUGH,English
DAVID,English
MCMAHON,English
DUNLAP,English
BENDER,English
HAHN,English
HARDING,English
ACEVEDO,English
RAYMOND,English
BLACKBURN,English
DUFFY,English
LANDRY,English
DOUGHERTY,English
BAUTISTA,English
SHAH,English
POTTS,English
ARROYO,English
VALENTINE,English
MEZA,English
GOULD,English
VAUGHAN,English
FRY,English
RUSH,English
AVERY,English
HERRING,English
DODSON,English
CLEMENTS,English
SAMPSON,English
TAPIA,English
BEAN,English
LYNN,English
CRANE,English
FARLEY,English
CISNEROS,English
BENTON,English
ASHLEY,English
MCKAY,English
FINLEY,English
BEST,English
BLEVINS,English
FRIEDMAN,English
MOSES,English
SOSA,English
BLANCHARD,English
HUBER,English
FRYE,English
KRUEGER,English
BERNARD,English
ROSARIO,English
RUBIO,English
MULLEN,English
BENJAMIN,English
HALEY,English
CHUNG,English
MOYER,English
CHOI,English
HORNE,English
YU,English
WOODWARD,English
ALI,English
NIXON,English
HAYDEN,English
RIVERS,English
ESTES,English
MCCARTY,English
RICHMOND,English
STUART,English
MAYNARD,English
BRANDT,English
OCONNELL,English
HANNA,English
SANFORD,English
SHEPPARD,English
CHURCH,English
BURCH,English
LEVY,English
RASMUSSEN,English
COFFEY,English
PONCE,English
FAULKNER,English
DONALDSON,English
SCHMITT,English
NOVAK,English
COSTA,English
MONTES,English
BOOKER,English
CORDOVA,English
WALLER,English
ARELLANO,English
MADDOX,English
MATA,English
BONILLA,English
STANTON,English
COMPTON,English
KAUFMAN,English
DUDLEY,English
MCPHERSON,English
BELTRAN,English
DICKSON,English
MCCANN,English
VILLEGAS,English
PROCTOR,English
HESTER,English
CANTRELL,English
DAUGHERTY,English
CHERRY,English
BRAY,English
DAVILA,English
ROWLAND,English
LEVINE,English
MADDEN,English
SPENCE,English
GOOD,English
IRWIN,English
WERNER,English
KRAUSE,English
PETTY,English
WHITNEY,English
BAIRD,English
HOOPER,English
POLLARD,English
ZAVALA,English
JARVIS,English
HOLDEN,English
HAAS,English
HENDRIX,English
MCGRATH,English
BIRD,English
LUCERO,English
TERRELL,English
RIGGS,English
JOYCE,English
MERCER,English
ROLLINS,English
GALLOWAY,English
DUKE,English
ODOM,English
ANDERSEN,English
DOWNS,English
HATFIELD,English
BENITEZ,English
ARCHER,English
HUERTA,English
TRAVIS,English
MCNEIL,English
HINTON,English
ZHANG,English
HAYS,English
MAYO,English
FRITZ,English
BRANCH,English
MOONEY,English
EWING,English
RITTER,English
ESPARZA,English
FREY,English
BRAUN,English
GAY,English
RIDDLE,English
HANEY,English
KAISER,English
HOLDER,English
CHANEY,English
MCKNIGHT,English
GAMBLE,English
VANG,English
COOLEY,English
CARNEY,English
COWAN,English
FORBES,English
FERRELL,English
DAVIES,English
BARAJAS,English
SHEA,English
OSBORN,English
BRIGHT,English
CUEVAS,English
BOLTON,English
MURILLO,English
LUTZ,English
DUARTE,English
KIDD,English
KEY,English
COOKE,English
GOFF,English
DEJESUS,English
MARIN,English
DOTSON,English
BONNER,English
COTTON,English
MERRILL,English
LINDSAY,English
LANCASTER,English
MCGOWAN,English
FELIX,English
SALGADO,English
SLATER,English
CARVER,English
GUTHRIE,English
HOLMAN,English
FULTON,English
SNIDER,English
SEARS,English
WITT,English
NEWELL,English
BYERS,English
LEHMAN,English
GORMAN,English
COSTELLO,English
DONAHUE,English
DELANEY,English
ALBERT,English
WORKMAN,English
ROSAS,English
SPRINGER,English
JUSTICE,English
KINNEY,English
ODELL,English
LAKE,English
DONNELLY,English
LAW,English
DAILEY,English
GUEVARA,English
SHOEMAKER,English
BARLOW,English
MARINO,English
WINTER,English
CRAFT,English
KATZ,English
PICKETT,English
ESPINOSA,English
DALY,English
MALONEY,English
GOLDSTEIN,English
CROWLEY,English
VOGEL,English
KUHN,English
PEARCE,English
HARTLEY,English
CLEVELAND,English
PALACIOS,English
MCFADDEN,English
BRITT,English
WOOTEN,English
CORTES,English
DILLARD,English
CHILDERS,English
ALFORD,English
DODD,English
EMERSON,English
WILDER,English
LANGE,English
GOLDBERG,English
QUINTERO,English
BEACH,English
ENRIQUEZ,English
QUINTANA,English
HELMS,English
MACKEY,English
FINCH,English
CRAMER,English
MINOR,English
FLANAGAN,English
FRANKS,English
CORONA,English
KENDALL,English
MCCABE,English
HENDRICKSON,English
MOSER,English
MCDERMOTT,English
CAMP,English
MCLEOD,English
BERNAL,English
KAPLAN,English
MEDRANO,English
LUGO,English
TRACY,English
BACON,English
CROWE,English
RICHTER,English
WELSH,English
HOLLEY,English
RATLIFF,English
MAYFIELD,English
TALLEY,English
HAINES,English
DALE,English
GIBBONS,English
HICKEY,English
BYRNE,English
KIRKLAND,English
FARRIS,English
CORREA,English
TILLMAN,English
SWEET,English
KESSLER,English
ENGLAND,English
HEWITT,English
BLANCO,English
CONNOLLY,English
PATE,English
ELDER,English
BRUNO,English
HOLCOMB,English
HYDE,English
MCALLISTER,English
CASH,English
CHRISTOPHER,English
WHITFIELD,English
MEEKS,English
HATCHER,English
FINK,English
SUTHERLAND,English
NOEL,English
RITCHIE,English
ROSA,English
LEAL,English
JOYNER,English
STARR,English
MORIN,English
DELAROSA,English
CONNOR,English
HILTON,English
ALSTON,English
GILLIAM,English
WYNN,English
WILLS,English
JARAMILLO,English
ONEIL,English
NIEVES,English
BRITTON,English
RANKIN,English
BELCHER,English
GUY,English
CHAMBERLAIN,English
TYSON,English
PUCKETT,English
DOWNING,English
SHARPE,English
BOGGS,English
TRUONG,English
PIERSON,English
GODFREY,English
MOBLEY,English
JOHN,English
KERN,English
DYE,English
HOLLIS,English
BRAVO,English
MAGANA,English
RUTHERFORD,English
NG,English
TUTTLE,English
LIM,English
ROMANO,English
ARTHUR,English
TREJO,English
KNOWLES,English
LYON,English
SHIRLEY,English
QUINONES,English
CHILDS,English
DOLAN,English
HEAD,English
REYNA,English
SAENZ,English
HASTINGS,English
KENNEY,English
CANO,English
FOREMAN,English
DENTON,English
VILLALOBOS,English
PRYOR,English
SARGENT,English
DOHERTY,English
HOPPER,English
PHAN,English
WOMACK,English
LOCKHART,English
VENTURA,English
DWYER,English
MULLER,English
GALINDO,English
GRACE,English
SORENSEN,English
COURTNEY,English
PARRA,English
RODRIGUES,English
NICHOLAS,English
AHMED,English
MCGINNIS,English
LANGLEY,English
MADISON,English
LOCKE,English
JAMISON,English
NAVA,English
GUSTAFSON,English
SYKES,English
DEMPSEY,English
HAMM,English
RODRIQUEZ,English
MCGILL,English
XIONG,English
ESQUIVEL,English
SIMMS,English
KENDRICK,English
BOYCE,English
VIGIL,English
DOWNEY,English
MCKENNA,English
SIERRA,English
WEBBER,English
KIRKPATRICK,English
DICKINSON,English
COUCH,English
BURKS,English
SHEEHAN,English
SLAUGHTER,English
PIKE,English
WHITLEY,English
MAGEE,English
CHENG,English
SINCLAIR,English
CASSIDY,English
RUTLEDGE,English
BURRIS,English
BOWLING,English
CRABTREE,English
MCNAMARA,English
AVALOS,English
VU,English
HERRON,English
BROUSSARD,English
ABRAHAM,English
GARLAND,English
CORBETT,English
CORBIN,English
STINSON,English
CHIN,English
BURT,English
HUTCHINS,English
WOODRUFF,English
LAU,English
BRANDON,English
SINGER,English
HATCH,English
ROSSI,English
SHAFER,English
OTT,English
GOSS,English
GREGG,English
DEWITT,English
TANG,English
POLK,English
WORLEY,English
COVINGTON,English
SALDANA,English
HELLER,English
EMERY,English
SWARTZ,English
CHO,English
MCCRAY,English
ELMORE,English
ROSENBERG,English
SIMONS,English
CLEMONS,English
BEATTY,English
HARDEN,English
HERBERT,English
BLAND,English
RUCKER,English
MANLEY,English
ZIEGLER,English
GRADY,English
LOTT,English
ROUSE,English
GLEASON,English
MCCLELLAN,English
ABRAMS,English
VO,English
ALBRIGHT,English
MEIER,English
DUNBAR,English
ACKERMAN,English
PADGETT,English
MAYES,English
TIPTON,English
COFFMAN,English
PERALTA,English
SHAPIRO,English
ROE,English
WESTON,English
PLUMMER,English
HELTON,English
STERN,English
FRASER,English
STOVER,English
FISH,English
SCHUMACHER,English
BACA,English
CURRAN,English
VINSON,English
VERA,English
CLIFTON,English
ERVIN,English
ELDRIDGE,English
LOWRY,English
CHILDRESS,English
BECERRA,English
GORE,English
SEYMOUR,English
CHU,English
FIELD,English
AKERS,English
CARRASCO,English
BINGHAM,English
STERLING,English
GREENWOOD,English
LESLIE,English
GROVES,English
MANUEL,English
SWAIN,English
EDMONDS,English
MUNIZ,English
THOMSON,English
CROUCH,English
WALDEN,English
SMART,English
TOMLINSON,English
ALFARO,English
QUICK,English
GOLDMAN,English
MCELROY,English
YARBROUGH,English
FUNK,English
HONG,English
PORTILLO,English
LUND,English
NGO,English
ELKINS,English
STROUD,English
MEREDITH,English
BATTLE,English
MCCAULEY,English
ZAPATA,English
BLOOM,English
GEE,English
GIVENS,English
CARDONA,English
SCHAFER,English
ROBISON,English
GUNTER,English
GRIGGS,English
TOVAR,English
TEAGUE,English
SWIFT,English
BOWDEN,English
SCHULZ,English
BLANTON,English
BUCKNER,English
WHALEN,English
PRITCHARD,English
PIERRE,English
KANG,English
BUTTS,English
METCALF,English
KURTZ,English
SANDERSON,English
TOMPKINS,English
INMAN,English
CROWDER,English
DICKEY,English
HUTCHISON,English
CONKLIN,English
HOSKINS,English
HOLBROOK,English
HORNER,English
NEELY,English
TATUM,English
HOLLINGSWORTH,English
DRAPER,English
CLEMENT,English
LORD,English
REECE,English
FELDMAN,English
KAY,English
HAGEN,English
CREWS,English
BOWLES,English
POST,English
JEWELL,English
DALEY,English
CORDERO,English
MCKINLEY,English
VELASCO,English
MASTERS,English
DRISCOLL,English
BURRELL,English
VALLE,English
CROW,English
DEVINE,English
LARKIN,English
CHAPPELL,English
POLLOCK,English
KIMBALL,English
LY,English
SCHMITZ,English
LU,English
RUBIN,English
SELF,English
BARRIOS,English
PEREIRA,English
PHIPPS,English
MCMANUS,English
NANCE,English
STEINER,English
POE,English
CROCKETT,English
JEFFRIES,English
AMOS,English
NIX,English
NEWSOME,English
DOOLEY,English
PAYTON,English
ROSEN,English
SWENSON,English
CONNELLY,English
TOLBERT,English
SEGURA,English
ESPOSITO,English
COKER,English
BIGGS,English
HINKLE,English
THURMAN,English
DREW,English
IVEY,English
BULLARD,English
BAEZ,English
NEFF,English
MAHER,English
STRATTON,English
EGAN,English
DUBOIS,English
GALLARDO,English
BLUE,English
RAINEY,English
YEAGER,English
SAUCEDO,English
FERREIRA,English
SPRAGUE,English
LACY,English
HURTADO,English
HEARD,English
CONNELL,English
STAHL,English
ALDRIDGE,English
AMAYA,English
FORREST,English
ERWIN,English
GUNN,English
SWAN,English
BUTCHER,English
ROSADO,English
GODWIN,English
HAND,English
GABRIEL,English
OTTO,English
WHALEY,English
LUDWIG,English
CLIFFORD,English
GROVE,English
BEAVER,English
SILVER,English
DANG,English
HAMMER,English
DICK,English
BOSWELL,English
MEAD,English
COLVIN,English
OLEARY,English
MILLIGAN,English
GOINS,English
AMES,English
DODGE,English
KAUR,English
ESCOBEDO,English
ARREDONDO,English
GEIGER,English
WINKLER,English
DUNHAM,English
TEMPLE,English
BABCOCK,English
BILLINGS,English
GRIMM,English
LILLY,English
WESLEY,English
MCGHEE,English
PAINTER,English
SIEGEL,English
BOWER,English
PURCELL,English
BLOCK,English
AGUILERA,English
NORWOOD,English
SHERIDAN,English
CARTWRIGHT,English
COATES,English
DAVISON,English
REGAN,English
RAMEY,English
KOENIG,English
KRAFT,English
BUNCH,English
ENGEL,English
TAN,English
WINN,English
STEWARD,English
LINK,English
VICKERS,English
BRAGG,English
PIPER,English
HUGGINS,English
MICHEL,English
HEALY,English
JACOB,English
MCDONOUGH,English
WOLFF,English
COLBERT,English
ZEPEDA,English
HOANG,English
DUGAN,English
KILGORE,English
MEADE,English
GUILLEN,English
DO,English
HINOJOSA,English
GOODE,English
ARRINGTON,English
GARY,English
SNELL,English
WILLARD,English
RENTERIA,English
CHACON,English
GALLO,English
HANKINS,English
MONTANO,English
BROWNE,English
PEACOCK,English
OHARA,English
CORNELL,English
SHERWOOD,English
CASTELLANOS,English
THORPE,English
STILES,English
SADLER,English
LATHAM,English
REDMOND,English
GREENBERG,English
COTE,English
WADDELL,English
DUKES,English
DIAMOND,English
BUI,English
MADRID,English
ALONSO,English
SHEETS,English
IRVIN,English
HURT,English
FERRIS,English
SEWELL,English
CARLTON,English
ARAGON,English
BLACKMON,English
HADLEY,English
HOYT,English
MCGRAW,English
PAGAN,English
LAND,English
TIDWELL,English
LOVELL,English
MINER,English
DOSS,English
DAHL,English
DELATORRE,English
STANFORD,English
KAUFFMAN,English
VELA,English
GAGNON,English
WINSTON,English
GOMES,English
THACKER,English
CORONADO,English
ASH,English
JARRETT,English
HAGER,English
SAMUELS,English
METZGER,English
RAINES,English
SPIVEY,English
MAURER,English
HAN,English
VOSS,English
HENLEY,English
CABALLERO,English
CARUSO,English
COULTER,English
NORTH,English
FINN,English
CAHILL,English
LANIER,English
SOUZA,English
MCWILLIAMS,English
DEAL,English
SCHAFFER,English
URBAN,English
HOUSER,English
CUMMINS,English
ROMO,English
CROCKER,English
BASSETT,English
KRUSE,English
BOLDEN,English
YBARRA,English
METZ,English
ROOT,English
MCMULLEN,English
CRUMP,English
HAGAN,English
GUIDRY,English
BRANTLEY,English
KEARNEY,English
BEAL,English
TOTH,English
JORGENSEN,English
TIMMONS,English
MILTON,English
TRIPP,English
HURD,English
SAPP,English
WHITMAN,English
MESSER,English
BURGOS,English
MAJOR,English
WESTBROOK,English
CASTLE,English
SERNA,English
CARLISLE,English
VARELA,English
CULLEN,English
WILHELM,English
BERGERON,English
BURGER,English
POSEY,English
BARNHART,English
HACKETT,English
MADRIGAL,English
EUBANKS,English
SIZEMORE,English
HILLIARD,English
HARGROVE,English
BOUCHER,English
THOMASON,English
MELVIN,English
ROPER,English
BARNARD,English
FONSECA,English
PEDERSEN,English
QUIROZ,English
WASHBURN,English
HOLLIDAY,English
YEE,English
RUDOLPH,English
BERMUDEZ,English
COYLE,English
GIL,English
GOODRICH,English
PINA,English
ELIAS,English
LOCKWOOD,English
CABRAL,English
CARRANZA,English
DUVALL,English
CORNELIUS,English
MCCOLLUM,English
STREET,English
MCNEAL,English
CONNORS,English
ANGEL,English
PAULSON,English
HINSON,English
KEENAN,English
SHELDON,English
FARR,English
EDDY,English
SAMUEL,English
LEDBETTER,English
RING,English
BETTS,English
FONTENOT,English
GIFFORD,English
HANNAH,English
HANLEY,English
PERSON,English
FOUNTAIN,English
LEVIN,English
STUBBS,English
HIGHTOWER,English
MURDOCK,English
KOEHLER,English
MA,English
ENGLE,English
SMILEY,English
CARMICHAEL,English
SHEFFIELD,English
LANGSTON,English
MCCRACKEN,English
YOST,English
TROTTER,English
STORY,English
STARKS,English
LUJAN,English
BLOUNT,English
CODY,English
RUSHING,English
BENOIT,English
HERNDON,English
JACOBSEN,English
NIETO,English
WISEMAN,English
LAYTON,English
EPPS,English
SHIPLEY,English
LEYVA,English
REEDER,English
BRAND,English
ROLAND,English
FITCH,English
RICO,English
NAPIER,English
CRONIN,English
MCQUEEN,English
PAREDES,English
TRENT,English
CHRISTIANSEN,English
PETTIT,English
SPANGLER,English
LANGFORD,English
BENAVIDES,English
PENN,English
PAIGE,English
WEIR,English
DIETZ,English
PRATER,English
BREWSTER,English
LOUIS,English
DIEHL,English
PACK,English
SPAULDING,English
AVILES,English
ERNST,English
NOWAK,English
OLVERA,English
ROCK,English
MANSFIELD,English
AQUINO,English
OGDEN,English
STACY,English
RIZZO,English
SYLVESTER,English
GILLIS,English
SANDS,English
MACHADO,English
LOVETT,English
DUONG,English
HYATT,English
LANDIS,English
PLATT,English
BUSTAMANTE,English
HEDRICK,English
PRITCHETT,English
GASTON,English
DOBSON,English
CAUDILL,English
TACKETT,English
BATEMAN,English
LANDERS,English
CARMONA,English
GIPSON,English
URIBE,English
MCNEILL,English
LEDFORD,English
MIMS,English
ABEL,English
GOLD,English
SMALLWOOD,English
THORNE,English
MCHUGH,English
DICKENS,English
LEUNG,English
TOBIN,English
KOWALSKI,English
MEDEIROS,English
COPE,English
KRAUS,English
QUEZADA,English
OVERTON,English
MONTALVO,English
STALEY,English
WOODY,English
HATHAWAY,English
OSORIO,English
LAIRD,English
DOBBS,English
CAPPS,English
PUTNAM,English
LAY,English
FRANCISCO,English
ADAIR,English
BERNSTEIN,English
HUTTON,English
BURKETT,English
RHOADES,English
RICHEY,English
YANEZ,English
BLEDSOE,English
MCCAIN,English
BEYER,English
CATES,English
ROCHE,English
SPICER,English
QUEEN,English
DOTY,English
DARLING,English
DARBY,English
SUMNER,English
KINCAID,English
HAY,English
GROSSMAN,English
LACEY,English
WILKES,English
HUMPHRIES,English
PAZ,English
DARNELL,English
KEYS,English
KYLE,English
LACKEY,English
VOGT,English
LOCKLEAR,English
KISER,English
PRESLEY,English
BRYSON,English
BERGMAN,English
PEOPLES,English
FAIR,English
MCCLENDON,English
CORLEY,English
PRADO,English
CHRISTIE,English
DELONG,English
SKAGGS,English
DILL,English
SHEARER,English
JUDD,English
STAPLETON,English
FLAHERTY,English
CASILLAS,English
PINTO,English
HAYWOOD,English
YOUNGBLOOD,English
TONEY,English
RICKS,English
GRANADOS,English
CRUM,English
TRIPLETT,English
SORIANO,English
WAITE,English
HOFF,English
ANAYA,English
CRENSHAW,English
JUNG,English
CANALES,English
CAGLE,English
DENNY,English
MARCUS,English
BERMAN,English
MUNSON,English
OCAMPO,English
BAUMAN,English
CORCORAN,English
KEEN,English
ZIMMER,English
FRIEND,English
ORNELAS,English
VARNER,English
PELLETIER,English
VERNON,English
BLUM,English
ALBRECHT,English
CULVER,English
SCHUSTER,English
CUELLAR,English
MCCORD,English
SHULTZ,English
MCRAE,English
MORELAND,English
CALVERT,English
WILLIAM,English
WHITTINGTON,English
ECKERT,English
KEENE,English
MOHR,English
HANKS,English
KIMBLE,English
CAVANAUGH,English
CROWELL,English
RUSS,English
FELICIANO,English
CRAIN,English
BUSCH,English
MCCORMACK,English
DRUMMOND,English
OMALLEY,English
ALDRICH,English
LUKE,English
GRECO,English
MOTT,English
OAKES,English
MALLORY,English
MCLAIN,English
BURROWS,English
OTERO,English
ALLRED,English
EASON,English
FINNEY,English
WELLER,English
WALDRON,English
CHAMPION,English
JEFFERS,English
COON,English
ROSENTHAL,English
HUDDLESTON,English
SOLANO,English
HIRSCH,English
AKINS,English
OLIVARES,English
SONG,English
SNEED,English
BENEDICT,English
BAIN,English
OKEEFE,English
HIDALGO,English
MATOS,English
STALLINGS,English
PARIS,English
GAMEZ,English
KENNY,English
QUIGLEY,English
MARRERO,English
FAGAN,English
DUTTON,English
ATWOOD,English
PAPPAS,English
BAGLEY,English
MCGOVERN,English
LUNSFORD,English
MOSELEY,English
READ,English
OAKLEY,English
ASHBY,English
GRANGER,English
SHAVER,English
HOPE,English
COE,English
BURROUGHS,English
HELM,English
AMBROSE,English
NEUMANN,English
MICHAELS,English
PRESCOTT,English
LIGHT,English
DUMAS,English
FLOOD,English
STRINGER,English
CURRIE,English
COMER,English
FONG,English
WHITLOCK,English
LEMUS,English
HAWLEY,English
ULRICH,English
STAPLES,English
BOYKIN,English
KNUTSON,English
GROVER,English
HOBSON,English
CORMIER,English
DORAN,English
THAYER,English
WOODSON,English
WHITT,English
HOOKER,English
KOHLER,English
ADDISON,English
VANDYKE,English
SCHRADER,English
HASKINS,English
WHITTAKER,English
MADSEN,English
GAUTHIER,English
BURNETTE,English
KEATING,English
PURVIS,English
ALEMAN,English
HUSTON,English
HAMLIN,English
PIMENTEL,English
GERBER,English
HOOKS,English
SCHWAB,English
HONEYCUTT,English
SCHULTE,English
ALONZO,English
ISAAC,English
CONROY,English
ADLER,English
EASTMAN,English
COTTRELL,English
OROURKE,English
HAWK,English
GOLDSMITH,English
CRANDALL,English
RADER,English
REYNOSO,English
SHOOK,English
ABERNATHY,English
BAER,English
OLIVAS,English
GRAYSON,English
BARTLEY,English
HENNING,English
PARR,English
DUFF,English
BRUNSON,English
BAUM,English
ENNIS,English
LAUGHLIN,English
FOOTE,English
VALADEZ,English
ADAMSON,English
BEGAY,English
STOVALL,English
LINCOLN,English
CHEUNG,English
MALLOY,English
RIDER,English
GIORDANO,English
JANSEN,English
LOPES,English
ARNETT,English
PENDLETON,English
GAGE,English
BARRAGAN,English
KEYES,English
NAVARRETE,English
AMADOR,English
HOFFMANN,English
HAWTHORNE,English
SCHILLING,English
PERDUE,English
SCHREIBER,English
AREVALO,English
NAYLOR,English
DELUCA,English
MARCUM,English
ALTMAN,English
MARK,English
CHADWICK,English
DOAN,English
EASLEY,English
LADD,English
WOODALL,English
BETANCOURT,English
SHIN,English
MAGUIRE,English
BELLAMY,English
QUINTANILLA,English
HAM,English
SORENSON,English
MATTSON,English
BRENNER,English
MEANS,English
FAUST,English
CALLOWAY,English
OJEDA,English
MCNALLY,English
DIETRICH,English
RANSOM,English
HARE,English
FELTON,English
WHITING,English
BURKHART,English
CLINTON,English
SCHWARZ,English
CLEARY,English
WETZEL,English
REAGAN,English
STJOHN,English
CHOW,English
HAUSER,English
DUPREE,English
BRANNON,English
LYLES,English
PRATHER,English
WILLOUGHBY,English
SEPULVEDA,English
NUGENT,English
PICKENS,English
JOINER,English
MOSHER,English
STONER,English
DOWLING,English
TRIMBLE,English
VALDES,English
CHEEK,English
SCRUGGS,English
COY,English
TILLEY,English
BARNEY,English
SAYLOR,English
NAGY,English
HORVATH,English
LAI,English
COREY,English
RUTH,English
SAUER,English
BARON,English
THAO,English
ROWELL,English
GRUBBS,English
HILLMAN,English
SCHAEFFER,English
SAMS,English
HOGUE,English
HUTSON,English
BUSBY,English
NICKERSON,English
BRUNER,English
PARHAM,English
ANDERS,English
RENDON,English
LOMBARDO,English
IVERSON,English
KINSEY,English
EARL,English
BORDEN,English
JEAN,English
TITUS,English
TELLEZ,English
BEAVERS,English
CORNETT,English
SOTELO,English
KELLOGG,English
BURNHAM,English
MCNAIR,English
SILVERMAN,English
JERNIGAN,English
ESCAMILLA,English
BARROW,English
COATS,English
LONDON,English
REDDING,English
RUFFIN,English
YI,English
BOUDREAUX,English
GOODSON,English
DOWELL,English
FENTON,English
MOCK,English
DOZIER,English
BYNUM,English
GALE,English
JOLLY,English
BECKMAN,English
GODDARD,English
CRAVEN,English
WHITMORE,English
LEARY,English
MCCLOUD,English
GAMBOA,English
KERNS,English
BRUNNER,English
HOUGH,English
NEGRON,English
CUTLER,English
LEDESMA,English
PYLE,English
MONAHAN,English
TABOR,English
BURK,English
LEONE,English
STAUFFER,English
HAYWARD,English
DRIVER,English
RUFF,English
TALBOT,English
SEALS,English
BOSTON,English
CARBAJAL,English
FAY,English
PURDY,English
MCGREGOR,English
SUN,English
ORELLANA,English
GENTILE,English
MAHAN,English
BROWER,English
PATINO,English
THURSTON,English
SHIPMAN,English
AARON,English
TORREZ,English
CALL,English
WEINER,English
WILBURN,English
OLIVA,English
HAIRSTON,English
COLEY,English
HUMMEL,English
ARREOLA,English
WATT,English
SHARMA,English
LENTZ,English
ARCE,English
POWER,English
LONGORIA,English
WAGONER,English
BURR,English
HSU,English
TINSLEY,English
BEEBE,English
WRAY,English
NUNN,English
PRIETO,English
GERMAN,English
ROWLEY,English
BRITO,English
GRUBB,English
ROYAL,English
VALENTIN,English
BARTHOLOMEW,English
SCHULER,English
ARANDA,English
FLINT,English
HEARN,English
VENEGAS,English
UNGER,English
MATTINGLY,English
BOLES,English
BARGER,English
CASAS,English
JULIAN,English
DOW,English
DOBBINS,English
VANN,English
CHESTER,English
STRANGE,English
LEMON,English
KAHN,English
MCKINNON,English
GANNON,English
WAGGONER,English
CONN,English
MEEK,English
CAVAZOS,English
SKELTON,English
LO,English
KUMAR,English
TOLEDO,English
LORENZ,English
VALLEJO,English
STARKEY,English
KITCHEN,English
REAVES,English
DEMARCO,English
FARRAR,English
STEARNS,English
MICHAUD,English
HIGGINBOTHAM,English
FERNANDES,English
ISAACS,English
MARION,English
GUILLORY,English
PRIEST,English
MEEHAN,English
OLIVEIRA,English
PALMA,English
OSWALD,English
GALVEZ,English
LOOMIS,English
LIND,English
MENA,English
STCLAIR,English
HINDS,English
REARDON,English
ALLEY,English
BARTH,English
CROOK,English
BLISS,English
NAGEL,English
BANUELOS,English
PARISH,English
HARMAN,English
DOUGLASS,English
KEARNS,English
NEWCOMB,English
MULLIGAN,English
COUGHLIN,English
WAY,English
FOURNIER,English
LAWLER,English
KAMINSKI,English
BARBOUR,English
SOUSA,English
STUMP,English
ALANIZ,English
IRELAND,English
RUDD,English
CARNES,English
LUNDY,English
GODINEZ,English
PULIDO,English
DENNISON,English
BAUMANN,English
BURDICK,English
DOVE,English
STODDARD,English
LIANG,English
DENT,English
ROARK,English
BOWSER,English
MCMAHAN,English
PARNELL,English
MAYBERRY,English
WAKEFIELD,English
ARNDT,English
OGLE,English
WORTHINGTON,English
DURBIN,English
ESCALANTE,English
PEDERSON,English
WELDON,English
VICK,English
KNOTT,English
RYDER,English
ZARATE,English
IRVING,English
CLEMENS,English
SHELLEY,English
SALTER,English
JACK,English
CLOUD,English
DASILVA,English
MUHAMMAD,English
SQUIRES,English
RAPP,English
DAWKINS,English
POLANCO,English
CHATMAN,English
MAIER,English
YAZZIE,English
GRUBER,English
STATON,English
BLACKMAN,English
MCDONNELL,English
DYKES,English
LAWS,English
WHITTEN,English
PFEIFFER,English
VIDAL,English
EARLY,English
KELSEY,English
BAUGHMAN,English
DIAS,English
STARNES,English
CRESPO,English
KILPATRICK,English
LOMBARDI,English
DEATON,English
SATTERFIELD,English
WILES,English
WEINSTEIN,English
ROWAN,English
DELOSSANTOS,English
HAMBY,English
ESTEP,English
DAIGLE,English
ELAM,English
CREECH,English
CHAVIS,English
HECK,English
ECHOLS,English
FOSS,English
TRAHAN,English
STRAUSS,English
VANHORN,English
WINSLOW,English
REA,English
FAIRCHILD,English
HEATON,English
MINTON,English
HITCHCOCK,English
LINTON,English
HANDY,English
CROUSE,English
COLES,English
FOY,English
UPTON,English
HERRINGTON,English
HWANG,English
MCCLELLAND,English
RECTOR,English
LUTHER,English
KRUGER,English
SALCEDO,English
CHANCE,English
GUNDERSON,English
THARP,English
GRIFFITHS,English
GRAF,English
BRANHAM,English
HUMPHREYS,English
RENNER,English
LIMA,English
ROONEY,English
MOYA,English
ALMEIDA,English
GAVIN,English
COBURN,English
OUELLETTE,English
GOETZ,English
SEAY,English
PARROTT,English
HARMS,English
ROBB,English
STOREY,English
BARBOSA,English
BARRAZA,English
LOYD,English
MERCHANT,English
DONOHUE,English
CARRIER,English
DIGGS,English
CHASTAIN,English
SHERRILL,English
WHIPPLE,English
BRASWELL,English
WEATHERS,English
LINDER,English
CHAPA,English
BOCK,English
OH,English
LOVELACE,English
SAAVEDRA,English
FERRARA,English
CALLAWAY,English
SALMON,English
TEMPLETON,English
CHRISTY,English
HARP,English
DOWD,English
FORRESTER,English
LAWTON,English
EPSTEIN,English
GANT,English
TIERNEY,English
SEAMAN,English
CORRAL,English
DOWDY,English
ZARAGOZA,English
MORRISSEY,English
ELLER,English
CHAU,English
BREEN,English
HIGH,English
NEWBERRY,English
BEAM,English
YANCEY,English
JARRELL,English
CERDA,English
ELLSWORTH,English
LOFTON,English
THIBODEAUX,English
POOL,English
RINEHART,English
ARTEAGA,English
MARLOW,English
HACKER,English
WILL,English
MACKENZIE,English
HOOK,English
GILLILAND,English
EMMONS,English
PICKERING,English
MEDLEY,English
ANDREW,English
WILLEY,English
SHELL,English
RANDLE,English
BRINKLEY,English
PRUETT,English
TOBIAS,English
EDMONDSON,English
GRIER,English
ASKEW,English
BATISTA,English
SALDIVAR,English
MOELLER,English
AUGUSTINE,English
CHAVARRIA,English
TROYER,English
LAYNE,English
MCNULTY,English
SHANK,English
DESAI,English
HERRMANN,English
HEMPHILL,English
BEARDEN,English
SPEAR,English
KEENER,English
HOLGUIN,English
CULP,English
BRADEN,English
BRISCOE,English
BALES,English
GARVIN,English
STOCKTON,English
ABREU,English
SUGGS,English
MCCARTNEY,English
FERRER,English
RHOADS,English
HA,English
NEVAREZ,English
SINGLETARY,English
CHONG,English
ALCALA,English
CHENEY,English
WESTFALL,English
DAMICO,English
SNODGRASS,English
DEVRIES,English
LOONEY,English
HEIN,English
LYLE,English
LOCKETT,English
JACQUES,English
BARKLEY,English
WAHL,English
APONTE,English
MYRICK,English
BOLIN,English
HOLM,English
SLACK,English
MARTINO,English
SCHERER,English
BACHMAN,English
ELY,English
NESBITT,English
MARROQUIN,English
BOUCHARD,English
MAST,English
JAMESON,English
HILLS,English
MIRELES,English
BUENO,English
PEASE,English
VITALE,English
ALARCON,English
LINARES,English
SCHELL,English
LIPSCOMB,English
ARRIAGA,English
BOURGEOIS,English
BONDS,English
MARKHAM,English
IVY,English
WISNIEWSKI,English
OLDHAM,English
FALLON,English
WENDT,English
JOY,English
STAMPER,English
BABB,English
STEINBERG,English
ASHER,English
FUCHS,English
BLANK,English
WILLETT,English
HEREDIA,English
CROFT,English
LYTLE,English
LANCE,English
LASSITER,English
BARRIENTOS,English
CONDON,English
BARFIELD,English
DARDEN,English
ARAUJO,English
GUINN,English
NOONAN,English
BURLESON,English
BELANGER,English
MAIN,English
TRAYLOR,English
MESSINA,English
ZEIGLER,English
DANIELSON,English
MILLARD,English
KENYON,English
RADFORD,English
GRAFF,English
BEATY,English
BAGGETT,English
CRISP,English
SALISBURY,English
TROUT,English
LORENZO,English
PARSON,English
GANN,English
GARBER,English
ADCOCK,English
COVARRUBIAS,English
SCALES,English
ACUNA,English
THRASHER,English
CARD,English
VAN,English
MABRY,English
MOHAMED,English
MONTANEZ,English
REDD,English
STOCK,English
WILLINGHAM,English
REDMAN,English
ZAMBRANO,English
GAFFNEY,English
HERR,English
DEVLIN,English
PRINGLE,English
SCHUBERT,English
CASPER,English
HOUCK,English
REES,English
WING,English
EBERT,English
JETER,English
CORNEJO,English
GILLETTE,English
SHOCKLEY,English
AMATO,English
GIRARD,English
LEGGETT,English
CHEATHAM,English
BUSTOS,English
EPPERSON,English
DUBOSE,English
SEITZ,English
EAST,English
FRIAS,English
SCHOFIELD,English
STEEN,English
ORLANDO,English
MYLES,English
CARON,English
GREY,English
DENNEY,English
ONTIVEROS,English
BURDEN,English
JAEGER,English
REICH,English
WITHERSPOON,English
NAJERA,English
FRANTZ,English
HAMMONDS,English
XU,English
LEAVITT,English
GILCHRIST,English
ADAM,English
BARONE,English
FORMAN,English
CEJA,English
RAGSDALE,English
SISK,English
TUBBS,English
ELIZONDO,English
PRESSLEY,English
BOLLINGER,English
LINN,English
HUNTLEY,English
DEWEY,English
GEARY,English
CARLOS,English
RAGLAND,English
MIXON,English
BAUGH,English
MCARTHUR,English
TAM,English
NOBLES,English
CLEVENGER,English
FOUST,English
LUSK,English
COONEY,English
TAMAYO,English
ROBERT,English
LONGO,English
OVERSTREET,English
OGLESBY,English
MACE,English
CHURCHILL,English
MATSON,English
HAMRICK,English
ROCKWELL,English
TRAMMELL,English
WHEATLEY,English
CARRINGTON,English
FERRARO,English
RALSTON,English
CLANCY,English
MONDRAGON,English
CARL,English
HU,English
HOPSON,English
BREAUX,English
MCCURDY,English
MARES,English
CHISHOLM,English
MAI,English
MATLOCK,English
AIKEN,English
CARY,English
LEMONS,English
ANGUIANO,English
HERRICK,English
CRAWLEY,English
MONTERO,English
HASSAN,English
ARCHULETA,English
COTTER,English
FARIAS,English
PARRIS,English
FELDER,English
LUU,English
PENCE,English
GILMAN,English
KILLIAN,English
NARANJO,English
DUGGAN,English
EASTER,English
SCARBOROUGH,English
SWANN,English
RICKETTS,English
FRANCE,English
BELLO,English
NADEAU,English
STILL,English
RINCON,English
CORNWELL,English
SLADE,English
FIERRO,English
MIZE,English
CHRISTIANSON,English
GREENFIELD,English
MCAFEE,English
LANDRUM,English
ADAME,English
DINH,English
LANKFORD,English
LEWANDOWSKI,English
RUST,English
BUNDY,English
WATERMAN,English
MILNER,English
MCCRARY,English
HITE,English
CURLEY,English
DONALD,English
DUCKWORTH,English
CECIL,English
CARRERA,English
SPEER,English
BIRCH,English
DENSON,English
BECKWITH,English
STACK,English
DURANT,English
DORMAN,English
LANTZ,English
CHRISTMAN,English
SPANN,English
MASTERSON,English
HOSTETLER,English
KOLB,English
BRINK,English
SCANLON,English
NYE,English
BEVERLY,English
WYLIE,English
WOO,English
SPURLOCK,English
SHELBY,English
SOMMER,English
REINHARDT,English
ROBLEDO,English
ASHTON,English
BERTRAND,English
CYR,English
EDGAR,English
DOE,English
HARKINS,English
BRUBAKER,English
STOLL,English
DANGELO,English
ZHOU,English
MOULTON,English
HANNON,English
FALK,English
RAINS,English
BROUGHTON,English
APPLEGATE,English
HUDGINS,English
SLONE,English
FARNSWORTH,English
YOON,English
PERALES,English
REEDY,English
MILAM,English
FRANZ,English
PONDER,English
RICCI,English
FONTAINE,English
IRIZARRY,English
NEW,English
PUENTE,English
SELBY,English
CAZARES,English
DOUGHTY,English
MOFFETT,English
BALDERAS,English
FINE,English
SMALLEY,English
CARLIN,English
TRINH,English
DYSON,English
GALVIN,English
VALDIVIA,English
BENNER,English
LOW,English
TURPIN,English
LYMAN,English
BILLINGSLEY,English
MCADAMS,English
CARDWELL,English
FRALEY,English
PATTEN,English
HOLTON,English
SHANKS,English
MCALISTER,English
CANFIELD,English
SAMPLE,English
HARLEY,English
CASON,English
TOMLIN,English
AHMAD,English
COYNE,English
FORTE,English
RIGGINS,English
LITTLEJOHN,English
FORSYTHE,English
BRINSON,English
HALVERSON,English
BACH,English
STUCKEY,English
FALCON,English
TALBERT,English
WENZEL,English
CHAMPAGNE,English
MCHENRY,English
VEST,English
SHACKELFORD,English
ORDONEZ,English
COLLAZO,English
BOLAND,English
SISSON,English
BIGELOW,English
HYMAN,English
WHARTON,English
BRUMFIELD,English
OATES,English
MESA,English
BECKETT,English
MORRELL,English
REIS,English
ALVES,English
CHIU,English
LARUE,English
STREETER,English
GROGAN,English
BLAKELY,English
BROTHERS,English
HATTON,English
KIMBROUGH,English
LAUER,English
WALLIS,English
JETT,English
PEPPER,English
HILDEBRAND,English
RAWLS,English
MELLO,English
NEVILLE,English
BULL,English
STEFFEN,English
BRAXTON,English
COWART,English
SIMPKINS,English
MCNEELY,English
BLALOCK,English
SPAIN,English
SHIPP,English
LINDQUIST,English
BUTTERFIELD,English
OREILLY,English
PERRIN,English
QUALLS,English
EDGE,English
HAVENS,English
LUONG,English
SWITZER,English
TROUTMAN,English
FORTNER,English
TOLLIVER,English
MONK,English
POINDEXTER,English
RUPP,English
FERRY,English
NEGRETE,English
MUSE,English
GRESHAM,English
BEAUCHAMP,English
BARCLAY,English
SCHMID,English
CHUN,English
BRICE,English
FAULK,English
WATTERS,English
BRIONES,English
GUAJARDO,English
HARWOOD,English
GRISSOM,English
HARLOW,English
WHELAN,English
BURDETTE,English
PALUMBO,English
PAULSEN,English
CORRIGAN,English
GARVEY,English
LEVESQUE,English
DOCKERY,English
DELGADILLO,English
GOOCH,English
CAO,English
MULLIN,English
RIDLEY,English
STANFIELD,English
DIAL,English
NORIEGA,English
CEBALLOS,English
NUNES,English
NEWBY,English
BAUMGARTNER,English
HUSSAIN,English
WYMAN,English
CAUSEY,English
GOSSETT,English
NESS,English
WAUGH,English
CHOATE,English
CARMAN,English
DAILY,English
DEVORE,English
IRBY,English
KONG,English
BREEDEN,English
WHATLEY,English
ELLINGTON,English
LAMAR,English
FULTZ,English
BAIR,English
ZIELINSKI,English
COLBY,English
HOUGHTON,English
GRIGSBY,English
FORTUNE,English
PAXTON,English
MCMILLIAN,English
HAMMONS,English
BRONSON,English
KECK,English
WELLMAN,English
AYRES,English
WHITESIDE,English
MENARD,English
ROUSH,English
WARDEN,English
ESPINO,English
STRAND,English
HAGGERTY,English
BANDA,English
FABIAN,English
KREBS,English
BOWIE,English
BRANSON,English
LENZ,English
BENAVIDEZ,English
KEELER,English
NEWSOM,English
EZELL,English
JEFFREY,English
PULLIAM,English
CLARY,English
BYRNES,English
KOPP,English
BEERS,English
SMALLS,English
GARDINER,English
SOMMERS,English
FENNELL,English
MANCINI,English
OSULLIVAN,English
SEBASTIAN,English
BRUNS,English
GIRON,English
PARENT,English
BOYLES,English
KEEFE,English
MUIR,English
WHEAT,English
SHULER,English
VERGARA,English
PEMBERTON,English
BROWNLEE,English
SOUTH,English
BROCKMAN,English
FANNING,English
ROYER,English
HERZOG,English
MORLEY,English
BETHEA,English
NEEDHAM,English
TONG,English
ROQUE,English
MOJICA,English
BUNN,English
FRANCOIS,English
NOE,English
KUNTZ,English
SNOWDEN,English
WITHERS,English
HARLAN,English
SEIBERT,English
LIMON,English
KIEFER,English
BONE,English
SELL,English
ALLAN,English
SKIDMORE,English
WREN,English
DUNAWAY,English
FINNEGAN,English
MOE,English
WOLFORD,English
SEELEY,English
KROLL,English
LIVELY,English
JANSSEN,English
MONTAGUE,English
RAHMAN,English
BOEHM,English
NETTLES,English
DEES,English
KRIEGER,English
PEEK,English
HERSHBERGER,English
SAGE,English
CUSTER,English
ZHENG,English
OTOOLE,English
ELROD,English
JAIMES,English
SOMERS,English
LIRA,English
NAGLE,English
GROOMS,English
SORIA,English
DRURY,English
KEANE,English
BOSTIC,English
HARTMANN,English
PAULEY,English
MURRELL,English
AGEE,English
MANZO,English
MOREY,English
HAMEL,English
DUNNING,English
TAVARES,English
MCCLOSKEY,English
PLUNKETT,English
MAPLES,English
MARCH,English
ARMENTA,English
WALDROP,English
ESPINAL,English
CHRISTENSON,English
FAJARDO,English
ROBINS,English
BAGWELL,English
MASSIE,English
LEAHY,English
MEDLIN,English
URBINA,English
ZHU,English
PANTOJA,English
BARBEE,English
CLAWSON,English
REITER,English
KO,English
CRIDER,English
MAXEY,English
WORRELL,English
BRACKETT,English
MCLEMORE,English
YOUNGER,English
HER,English
HARDESTY,English
DANNER,English
RAGAN,English
ALMANZA,English
NIELSON,English
GRABER,English
MCINTIRE,English
GRISWOLD,English
TIRADO,English
SEIFERT,English
VALLES,English
LANEY,English
GUPTA,English
MALIK,English
LIBBY,English
MARVIN,English
KOONTZ,English
MARR,English
KOZLOWSKI,English
LEMKE,English
BRANT,English
PHELAN,English
KEMPER,English
GOODEN,English
BEAULIEU,English
CARDOZA,English
HEALEY,English
HARDWICK,English
ZHAO,English
KITCHENS,English
BOX,English
STEPP,English
COMSTOCK,English
POSTON,English
SAGER,English
CONTI,English
BORGES,English
FARROW,English
ACKER,English
GLASER,English
ANTONIO,English
LENNON,English
GAITHER,English
FREITAS,English
ALICEA,English
MCMILLEN,English
CHAPIN,English
RATCLIFF,English
LERMA,English
SEVERSON,English
WILDE,English
MORTENSEN,English
WINCHESTER,English
FLANNERY,English
VILLASENOR,English
CENTENO,English
BURKHOLDER,English
HORAN,English
MEADOR,English
INGLE,English
ROLDAN,English
ESTRELLA,English
PULLEN,English
NEWKIRK,English
GAYTAN,English
LINDBERG,English
GATLIN,English
WINDHAM,English
BEHRENS,English
STOLTZFUS,English
CINTRON,English
BRODERICK,English
JAIME,English
SOLORZANO,English
VENABLE,English
CULBERTSON,English
GARAY,English
CAPUTO,English
GRANTHAM,English
HANLON,English
PARRY,English
CRIST,English
COSBY,English
SHORE,English
EVERHART,English
DORN,English
ENG,English
TURLEY,English
VALERIO,English
RAND,English
HIATT,English
MOTA,English
JUDGE,English
KINDER,English
COLWELL,English
ASHWORTH,English
TEJEDA,English
SIKES,English
OSHEA,English
WESTMORELAND,English
CULPEPPER,English
FABER,English
LOGSDON,English
FUGATE,English
APODACA,English
LINDLEY,English
SAMSON,English
LILES,English
MCCLANAHAN,English
BURGE,English
VAIL,English
ETHERIDGE,English
BOUDREAU,English
ANDRES,English
NOLL,English
HIGGS,English
SNEAD,English
LAYMAN,English
NOLEN,English
TURK,English
WAYNE,English
BETZ,English
VICTOR,English
LAFFERTY,English
CARBONE,English
SKIPPER,English
ZELLER,English
KASPER,English
DESANTIS,English
FOGLE,English
GANDY,English
MENDENHALL,English
SEWARD,English
GULLEY,English
SCHWEITZER,English
STINE,English
SOWERS,English
DUENAS,English
MONSON,English
BRINKMAN,English
HUBERT,English
MOTLEY,English
PFEIFER,English
WEINBERG,English
EGGLESTON,English
ISOM,English
QUINLAN,English
GILLEY,English
JASSO,English
LOYA,English
MULL,English
REICHERT,English
REDDY,English
WIRTH,English
HODGSON,English
STOWE,English
MCCALLUM,English
AHRENS,English
HUEY,English
MATTOX,English
DUPONT,English
AGUAYO,English
PAK,English
TICE,English
ALBA,English
COLBURN,English
CURRIER,English
GASKINS,English
HARDER,English
COHN,English
YOO,English
GARNETT,English
HARTER,English
WENGER,English
CHARLTON,English
LITTLETON,English
MINTER,English
CONE,English
HENRIQUEZ,English
VINES,English
KIMMEL,English
CROOKS,English
CARABALLO,English
SEARCY,English
PEYTON,English
RENFRO,English
GROFF,English
MOUA,English
THORN,English
JAY,English
LEIGH,English
SANBORN,English
WICKER,English
BROOME,English
MARTENS,English
ABNEY,English
FISK,English
ARGUETA,English
UPCHURCH,English
ALDERMAN,English
TISDALE,English
CASTELLANO,English
LEGG,English
BILLS,English
WILBUR,English
DIX,English
MAULDIN,English
ISBELL,English
MEARS,English
LATIMER,English
ASHCRAFT,English
EARLEY,English
TEJADA,English
PARTRIDGE,English
ANGLIN,English
CASWELL,English
EASTON,English
KIRCHNER,English
MEHTA,English
LANHAM,English
BLAYLOCK,English
BINDER,English
CATALANO,English
HANDLEY,English
STORM,English
ALBERTSON,English
FREE,English
TUCK,English
KEEGAN,English
MORIARTY,English
DEXTER,English
MANCUSO,English
ALLARD,English
PINO,English
CHAMBERLIN,English
MOFFITT,English
HAAG,English
SCHOTT,English
AGNEW,English
MALCOLM,English
HALLMAN,English
HECKMAN,English
KARR,English
SOARES,English
ALFONSO,English
TOM,English
WADSWORTH,English
SCHINDLER,English
GARIBAY,English
KUYKENDALL,English
PENNY,English
LITTLEFIELD,English
MCNABB,English
SAM,English
LEA,English
BERRIOS,English
MURRY,English
DEHART,English
REGALADO,English
MOHAMMED,English
COUNTS,English
SOLORIO,English
PRECIADO,English
ARMENDARIZ,English
MARTELL,English
BARKSDALE,English
FRICK,English
HALLER,English
BROYLES,English
DOLL,English
CABLE,English
DELVALLE,English
WEEMS,English
KELLEHER,English
GAGNE,English
ALBERS,English
KUNZ,English
HAWES,English
HOY,English
GUENTHER,English
JOHANSEN,English
CHAFFIN,English
WHITWORTH,English
WYNNE,English
MCMURRAY,English
LUCE,English
FIORE,English
STRAUB,English
MAJORS,English
MCDUFFIE,English
BOHANNON,English
RAWLINGS,English
FREED,English
SUTTER,English
LINDSTROM,English
BUSS,English
LOERA,English
HOYLE,English
WITTE,English
TYREE,English
LUTTRELL,English
ANDRUS,English
STEED,English
THIEL,English
CRANFORD,English
FULMER,English
GABLE,English
PORRAS,English
WEIS,English
MAAS,English
PACKARD,English
NOYES,English
KWON,English
KNOLL,English
MARX,English
FEENEY,English
ISRAEL,English
BOHN,English
COCKRELL,English
GLICK,English
COSGROVE,English
KEEFER,English
MUNDY,English
BATCHELOR,English
LOVELESS,English
HOROWITZ,English
HASKELL,English
KUNKEL,English
COLSON,English
HEDGES,English
STAGGS,English
SWISHER,English
LOMELI,English
PADRON,English
COTA,English
HOMAN,English
MUSSER,English
CURTIN,English
SALERNO,English
SEGOVIA,English
KEETON,English
BRANDENBURG,English
STARLING,English
TSAI,English
MAHON,English
KLINGER,English
PAQUETTE,English
HADDAD,English
MCCUNE,English
MATHEW,English
HIGDON,English
SHULL,English
GUEST,English
SHAY,English
SWAFFORD,English
ANGULO,English
HACKNEY,English
EVERS,English
SIBLEY,English
WOODWORTH,English
OSTRANDER,English
MANGUM,English
SMYTH,English
QUARLES,English
MCCARTER,English
CLOSE,English
TRUITT,English
STPIERRE,English
MACKAY,English
BAYER,English
TIMM,English
THATCHER,English
BESS,English
TRINIDAD,English
JACOBY,English
PROFFITT,English
CONCEPCION,English
PARKINSON,English
CARREON,English
RAMON,English
MONROY,English
LEGER,English
GLYNN,English
JAUREGUI,English
NEIL,English
TAGGART,English
REDDICK,English
WIESE,English
DOVER,English
WICKS,English
HENNESSY,English
BITTNER,English
MCCLUNG,English
MCWHORTER,English
DERRICK,English
STROM,English
BECKHAM,English
KEE,English
COOMBS,English
HOLTZ,English
SCHROCK,English
MAKI,English
WILLSON,English
HULSEY,English
WHITSON,English
HAUGEN,English
LUMPKIN,English
SCHOLL,English
GALL,English
CARVALHO,English
KOVACH,English
VIEIRA,English
IRVINE,English
MILLAN,English
HELD,English
JOLLEY,English
JASPER,English
CADENA,English
RUNYON,English
LOMAX,English
FAHEY,English
HOPPE,English
BIVENS,English
RUGGIERO,English
HUSSEY,English
AINSWORTH,English
HARDMAN,English
DUGGER,English
ULLOA,English
FITZSIMMONS,English
SCROGGINS,English
SOWELL,English
TOLER,English
BARBA,English
BIDDLE,English
RAFFERTY,English
TRAPP,English
BYLER,English
BRILL,English
DELAGARZA,English
THIGPEN,English
HILLER,English
MARTINS,English
FINDLEY,English
HOLLINS,English
JANKOWSKI,English
STULL,English
POLLACK,English
POIRIER,English
BRATTON,English
RENO,English
JEFFERY,English
MENENDEZ,English
MCNUTT,English
KOHL,English
FORSTER,English
CLOUGH,English
DELOACH,English
BADER,English
HANES,English
STURM,English
TAFOYA,English
BEALL,English
COBLE,English
DEMERS,English
KOHN,English
SANTAMARIA,English
VAUGHT,English
CORREIA,English
MCGREW,English
ROBY,English
SARMIENTO,English
REINHART,English
ROSENBAUM,English
BERNIER,English
SCHILLER,English
FURMAN,English
GRABOWSKI,English
PERRYMAN,English
KIDWELL,English
SABO,English
SAXTON,English
NOLAND,English
SEATON,English
PACKER,English
SEAL,English
RUBY,English
SMOOT,English
LAVOIE,English
PUTMAN,English
FAIRBANKS,English
NEILL,English
FLORENCE,English
BEATTIE,English
TARVER,English
STEPHEN,English
BOLEN,English
MCCOMBS,English
BARNHILL,English
FREEDMAN,English
GADDIS,English
GOAD,English
WORDEN,English
CANADA,English
CALVIN,English
VICKERY,English
MCCLINTOCK,English
SLOCUM,English
CLAUSEN,English
MCCUTCHEON,English
RIPLEY,English
RAZO,English
SOUTHARD,English
BOURNE,English
AIELLO,English
KNUDSEN,English
ANGELES,English
KEENEY,English
STACEY,English
NEELEY,English
HOLLY,English
GALLANT,English
EADS,English
LAFLEUR,English
FREDRICKSON,English
POPP,English
BOBO,English
PARDO,English
ARTIS,English
LAWLESS,English
SHEN,English
HEADLEY,English
PEDRAZA,English
PICKARD,English
SALVADOR,English
HOFMANN,English
DAVEY,English
SZYMANSKI,English
DALLAS,English
ERB,English
PEREA,English
ALCANTAR,English
ASHFORD,English
CRUTCHFIELD,English
HARRY,English
GOEBEL,English
RIDGEWAY,English
MCVEY,English
CORDELL,English
FLOREZ,English
KOVACS,English
CALKINS,English
REDDEN,English
RICKER,English
FARRINGTON,English
SALCIDO,English
REIMER,English
MULLIS,English
MAYHEW,English
REGISTER,English
KAYE,English
BLOCKER,English
BUFORD,English
MUNGUIA,English
CADY,English
BURLEY,English
SANDER,English
ROBINETTE,English
STUBBLEFIELD,English
SHUMAN,English
LOY,English
SANTILLAN,English
DEUTSCH,English
SALES,English
LANGDON,English
MAZUR,English
CLAPP,English
TEAL,English
BUFFINGTON,English
ELLIOT,English
HALSTEAD,English
STURGEON,English
COLLEY,English
KOEHN,English
BERGSTROM,English
DUNNE,English
POND,English
GANTT,English
COUSINS,English
VIERA,English
WILKS,English
HAASE,English
SWEAT,English
SIMONSON,English
BREEDLOVE,English
MUNN,English
PITT,English
FAIRCLOTH,English
PETER,English
WHEATON,English
HOWLAND,English
MERRIMAN,English
BURNEY,English
FUSCO,English
BEDFORD,English
BALTAZAR,English
PERSAUD,English
GERARD,English
BOURQUE,English
CHAO,English
SLAGLE,English
KIRSCH,English
VOLK,English
HEIM,English
GLASGOW,English
BORDERS,English
RAUCH,English
GOFORTH,English
BATSON,English
BASHAM,English
MOUNT,English
PEACE,English
LAZO,English
SAMPLES,English
AMARO,English
IBRAHIM,English
SLATTERY,English
TAFT,English
WEATHERFORD,English
APARICIO,English
SANTORO,English
JIANG,English
RITCHEY,English
GOBLE,English
SPRING,English
STRAIN,English
SCULLY,English
VILLAREAL,English
TORO,English
DUVAL,English
JONAS,English
NEUMAN,English
DELL,English
VARNEY,English
WOZNIAK,English
CONOVER,English
LANDON,English
SIGLER,English
GALBRAITH,English
BOSS,English
CEPEDA,English
BACK,English
MATEO,English
PEEBLES,English
ARSENAULT,English
CATHEY,English
CALABRESE,English
DODDS,English
GILBERTSON,English
GREENLEE,English
HOKE,English
SAUCEDA,English
VUE,English
LEHMANN,English
LAPOINTE,English
LASTER,English
ZINK,English
MOY,English
AMMONS,English
LLAMAS,English
FOLTZ,English
CHEW,English
FLECK,English
AMARAL,English
GEER,English
SU,English
CARDEN,English
NUNLEY,English
CREEL,English
CLARKSON,English
PROVOST,English
COVEY,English
PAINE,English
WOFFORD,English
FRAME,English
DUBE,English
GRICE,English
TULLY,English
BARTELS,English
LUCIANO,English
MOLNAR,English
WINSTEAD,English
CANADY,English
MOREAU,English
BURNSIDE,English
BRATCHER,English
INFANTE,English
PETERMAN,English
SWOPE,English
FREELAND,English
VETTER,English
LANNING,English
MARQUIS,English
SCHULZE,English
THAI,English
COPPOLA,English
RAYBURN,English
CONTE,English
MARTZ,English
SHOWALTER,English
BANDY,English
QUINONEZ,English
BUNTING,English
RAO,English
BELT,English
CRUSE,English
HAMBLIN,English
HIMES,English
RANEY,English
MERRELL,English
SEE,English
GOUGH,English
MACIEL,English
WIMBERLY,English
CRADDOCK,English
MARQUARDT,English
WENTZ,English
MEEKER,English
SANDBERG,English
MOSIER,English
WASSON,English
HUNDLEY,English
JOE,English
SHUMAKER,English
EMBRY,English
FORTIN,English
AKIN,English
OLIVAREZ,English
SEIDEL,English
COONS,English
CORRALES,English
EARLE,English
MATHENY,English
KISH,English
OUTLAW,English
BARNETTE,English
LIEBERMAN,English
SPALDING,English
MARTEL,English
HARGIS,English
KELSO,English
MERRICK,English
FULLERTON,English
FRIES,English
DOUCETTE,English
CLOUSE,English
PREWITT,English
HAWKS,English
KEATON,English
WORTHY,English
ZOOK,English
MONTEZ,English
AUTRY,English
POORE,English
LEMAY,English
FORSYTH,English
SHIFFLETT,English
BRISENO,English
PIAZZA,English
WELKER,English
TENNANT,English
HAGGARD,English
HEINZ,English
LEIGHTON,English
BRITTAIN,English
BEGLEY,English
FLANDERS,English
HERMANN,English
BOTELLO,English
MATHIAS,English
HOFER,English
HUTTO,English
GODOY,English
CAVE,English
PAGANO,English
ASBURY,English
BOWENS,English
WITHROW,English
OLIVO,English
HARBIN,English
ANDRE,English
SANDLIN,English
WERTZ,English
DESIMONE,English
GREINER,English
HEINRICH,English
WHITCOMB,English
DAYTON,English
PETRIE,English
HAIR,English
KETCHUM,English
BIANCO,English
COCHRANE,English
HEIL,English
SHANAHAN,English
DAGOSTINO,English
WEGNER,English
COUTURE,English
LING,English
WINGATE,English
ARENAS,English
KEEL,English
CASTEEL,English
BOOTHE,English
DEROSA,English
HORST,English
RAU,English
MCCORKLE,English
PALERMO,English
ALTAMIRANO,English
NALL,English
SHUMATE,English
LIGHTFOOT,English
CREAMER,English
ROMEO,English
COFFIN,English
HUTCHINGS,English
JEROME,English
HUTCHESON,English
DAMRON,English
SORRELL,English
NICKEL,English
SELLS,English
PINKERTON,English
DAO,English
DION,English
MCFARLANE,English
ATWELL,English
RIDENOUR,English
STURGILL,English
SCHOEN,English
PARTIN,English
NEMETH,English
ALMONTE,English
PAN,English
RICKARD,English
WENTWORTH,English
SAMMONS,English
SAYRE,English
SOUTHERLAND,English
AHN,English
PARISI,English
CARRION,English
TESTA,English
SHORTER,English
COVERT,English
GORHAM,English
ALCANTARA,English
BELTON,English
BANNISTER,English
SHARKEY,English
MCCREARY,English
PANNELL,English
KEELING,English
SCARBROUGH,English
GAINEY,English
MILL,English
CAMARENA,English
HERBST,English
ROLLER,English
DELLINGER,English
WILD,English
LOVEJOY,English
MANSON,English
CLEM,English
DUPUIS,English
RESENDEZ,English
BURKHARDT,English
WILLIFORD,English
MCLENDON,English
MAZZA,English
MCCAFFREY,English
LUM,English
SETTLE,English
HEFNER,English
DUPRE,English
LOUIE,English
GUNTHER,English
WEIMER,English
TURNBULL,English
BRADBURY,English
MANESS,English
URENA,English
LOR,English
SIDES,English
WICK,English
GILLEN,English
MONACO,English
IVES,English
BATTAGLIA,English
ULMER,English
CACERES,English
SCHREINER,English
SPROUSE,English
SCOGGINS,English
AHERN,English
TRACEY,English
TERRAZAS,English
BRACKEN,English
GURLEY,English
ALCARAZ,English
MARTINES,English
SOLIZ,English
WEIDNER,English
CRISWELL,English
WILBANKS,English
HENNESSEY,English
MENDES,English
PEAK,English
RUELAS,English
CAUDLE,English
FUQUA,English
CHISM,English
JEWETT,English
VOLPE,English
NINO,English
LOGUE,English
FURR,English
KERSEY,English
MCCULLOCH,English
SHINN,English
YAN,English
RAUSCH,English
STINNETT,English
MOWERY,English
RIVERO,English
BERTRAM,English
DURAND,English
GATEWOOD,English
WEED,English
TILTON,English
MAHAFFEY,English
NILES,English
MCCUE,English
VARGO,English
HOLCOMBE,English
RALPH,English
CASTLEBERRY,English
SNIPES,English
NUTTER,English
VANMETER,English
WILT,English
MENDIOLA,English
BURCHETT,English
ENOS,English
JOBE,English
KIRKWOOD,English
PEDROZA,English
IGLESIAS,English
LEONG,English
CROMER,English
TRICE,English
MAGNUSON,English
EAGLE,English
MONTENEGRO,English
CATO,English
EDMOND,English
TROY,English
HENDRICK,English
LEBRON,English
BUDD,English
LATHROP,English
APPEL,English
KNOWLTON,English
BIANCHI,English
CAMARILLO,English
GINN,English
PULLEY,English
GADDY,English
TRUE,English
DOMINGO,English
KINGSLEY,English
LOFTUS,English
DENHAM,English
SIFUENTES,English
SILER,English
HARDISON,English
KWAN,English
PENDERGRASS,English
FRASIER,English
HUTCHENS,English
FORT,English
MONTIEL,English
FINCHER,English
EGGERS,English
GRIFFIS,English
MOEN,English
HAUCK,English
LISTER,English
LUNDBERG,English
CORNISH,English
TANAKA,English
WHITLOW,English
CHOU,English
GRIEGO,English
BALLINGER,English
PROSSER,English
ROBSON,English
ALLMAN,English
ATCHISON,English
FOGARTY,English
CONAWAY,English
RIDDICK,English
RUPERT,English
KRUG,English
PINKSTON,English
COGGINS,English
EARNEST,English
FAIN,English
NARVAEZ,English
RASH,English
OLMSTEAD,English
SHERROD,English
BEELER,English
SPEARMAN,English
POLAND,English
ROUSSEAU,English
HYLAND,English
RHEA,English
REDMON,English
SON,English
WILKE,English
PAULINO,English
VALENTI,English
GEYER,English
BLACKWOOD,English
LECLAIR,English
OLGUIN,English
MAESTAS,English
BUCKINGHAM,English
BLYTHE,English
SAMUELSON,English
BOUNDS,English
NAKAMURA,English
BATTS,English
GALARZA,English
MCVAY,English
SISCO,English
HYNES,English
MERTZ,English
OROSCO,English
TREMBLAY,English
PRENTICE,English
WILHITE,English
ARCHIBALD,English
SEILER,English
WOOLDRIDGE,English
WINFIELD,English
ODEN,English
ZELAYA,English
CHESTNUT,English
CANTY,English
GUARDADO,English
MCCALLISTER,English
COLLETT,English
GRASSO,English
HYLTON,English
EASTERLING,English
DEANGELIS,English
TREADWAY,English
ETHRIDGE,English
FERRARI,English
MILBURN,English
MERCIER,English
BICKFORD,English
THIBODEAU,English
BOLANOS,English
FELLOWS,English
HALES,English
GREATHOUSE,English
BUCHHOLZ,English
STRUNK,English
FAISON,English
PURNELL,English
CLEGG,English
STEINMETZ,English
WOJCIK,English
ALCORN,English
BALLESTEROS,English
BASILE,English
ARMOUR,English
PAEZ,English
DEVITO,English
TELLO,English
FLICK,English
YOUNT,English
ESTEVEZ,English
HITT,English
CHA,English
HOULE,English
TRAVERS,English
CASS,English
LOPER,English
GETZ,English
CADE,English
GONSALVES,English
LEAR,English
CROMWELL,English
OCASIO,English
STEPHAN,English
DELUNA,English
PICARD,English
TOLENTINO,English
EAVES,English
AULT,English
OSBURN,English
RUVALCABA,English
TOSCANO,English
BEAR,English
KOZAK,English
SZABO,English
DEYOUNG,English
ECK,English
MOREHEAD,English
HERRIN,English
TILLERY,English
ROYSTER,English
KEHOE,English
SWANK,English
SCHOONOVER,English
YAMAMOTO,English
CLANTON,English
STUTZMAN,English
SWEARINGEN,English
HARRELSON,English
MARTINSON,English
LEO,English
KEYSER,English
GUYTON,English
LUCIO,English
VEAL,English
ANGELO,English
VANWINKLE,English
ZAMUDIO,English
HADDOCK,English
QUACH,English
THOMSEN,English
CURIEL,English
BADGER,English
TEEL,English
HIBBARD,English
BALLEW,English
DVORAK,English
FALLS,English
BOSTICK,English
MONAGHAN,English
DENNING,English
SEGAL,English
BAHR,English
SERRATO,English
TOOMEY,English
ANTOINE,English
LACROIX,English
RESENDIZ,English
SPERRY,English
ROSSER,English
BOGAN,English
AMIN,English
GASPAR,English
SCHRAMM,English
LEMASTER,English
ECHEVARRIA,English
LILLEY,English
POLING,English
VILLAGOMEZ,English
CONDE,English
DELRIO,English
LERNER,English
LEROY,English
OTIS,English
DURKIN,English
LAVENDER,English
SCHENK,English
ONG,English
GUESS,English
ALANIS,English
JACOBO,English
RAMSAY,English
HENKE,English
SLEDGE,English
WHITED,English
FRAZER,English
FORTIER,English
MACLEOD,English
PASCUAL,English
CASANOVA,English
OLDS,English
JENSON,English
TIJERINA,English
FLORA,English
CASTO,English
BLUNT,English
RINALDI,English
FONTANA,English
MINNICK,English
LARIOS,English
RAYNOR,English
FUNG,English
MAREK,English
VALLADARES,English
CLEMMONS,English
GRACIA,English
ROHRER,English
FRYER,English
FOLSOM,English
GEARHART,English
SUMPTER,English
KRAEMER,English
ACEVES,English
PETTIGREW,English
MCLAURIN,English
SOUTHERN,English
BARROWS,English
LANDEROS,English
JANES,English
DEGUZMAN,English
FREDERICKS,English
MCFALL,English
ASHE,English
MAURO,English
MERINO,English
WINDSOR,English
TABER,English
ARMIJO,English
BRICKER,English
PITMAN,English
MORRILL,English
SANCHES,English
CONLON,English
DEBOER,English
REUTER,English
STEGALL,English
CLEMENTE,English
ROMINE,English
DYKSTRA,English
EHLERS,English
TALLMAN,English
LOVATO,English
BRENT,English
PEARL,English
PYLES,English
CLOUTIER,English
MCCURRY,English
MCKEEVER,English
GRAZIANO,English
HEFLIN,English
GARMAN,English
ISAACSON,English
MCREYNOLDS,English
MEISTER,English
STROUP,English
EVERSON,English
HALSEY,English
MCEWEN,English
SPARKMAN,English
YAGER,English
BERRYMAN,English
BUCHER,English
DERR,English
JESTER,English
MICKELSON,English
SAYERS,English
WHITEMAN,English
RIORDAN,English
MCINNIS,English
GOOLSBY,English
JOSE,English
STIDHAM,English
DONLEY,English
JOHNSEN,English
STALLWORTH,English
FRANKE,English
SILVERS,English
REITZ,English
NATHAN,English
BROGAN,English
CARDOSO,English
LINVILLE,English
BAPTISTE,English
GORSKI,English
REY,English
HAZEN,English
DAMON,English
SHORES,English
BOLING,English
JABLONSKI,English
LEMIEUX,English
HECHT,English
DONG,English
LANGLOIS,English
BURROW,English
HERNANDES,English
MCDEVITT,English
PICHARDO,English
LEW,English
SAVOY,English
STILLWELL,English
TEIXEIRA,English
HILDRETH,English
MATHESON,English
WARFIELD,English
HOGG,English
TILLER,English
BRISTOL,English
RUDY,English
UNRUH,English
MATIAS,English
BUXTON,English
AMBRIZ,English
CHIANG,English
POGUE,English
POMEROY,English
HAMMOCK,English
BETHEL,English
MIGUEL,English
CASSELL,English
TOWNS,English
BUNKER,English
MCMICHAEL,English
KRESS,English
NEWLAND,English
WHITEHURST,English
BATTEN,English
FAZIO,English
CALVILLO,English
WALLEN,English
LUNG,English
SPARROW,English
TURNEY,English
STEADMAN,English
BATTLES,English
BERLIN,English
LINDGREN,English
MCKEON,English
LUCKETT,English
SHERRY,English
SPRADLIN,English
TIMMERMAN,English
UTLEY,English
BEALE,English
DRIGGERS,English
HINTZ,English
PELLEGRINO,English
HAZEL,English
DESMOND,English
GRIM,English
SPELLMAN,English
BOREN,English
STATEN,English
SCHLEGEL,English
JOHNSTONE,English
MAYA,English
HARWELL,English
PINSON,English
BARRETO,English
SPOONER,English
CANDELARIA,English
HAMMETT,English
SESSIONS,English
MCKEOWN,English
MCCOOL,English
GILSON,English
KNUDSON,English
IRISH,English
SPRUILL,English
KLING,English
GERLACH,English
CARNAHAN,English
LAPORTE,English
MARKLEY,English
FLANIGAN,English
SPIRES,English
CUSHMAN,English
PLANTE,English
SCHLOSSER,English
SACHS,English
HORNSBY,English
JAMIESON,English
ARMSTEAD,English
KREMER,English
MADERA,English
THORNBURG,English
BRILEY,English
GARRIS,English
JORGENSON,English
MOORMAN,English
VUONG,English
ARD,English
IRONS,English
FIEDLER,English
JACKMAN,English
KUEHN,English
JENKS,English
BRISTOW,English
MOSBY,English
ALDANA,English
MACLEAN,English
CREIGHTON,English
FREUND,English
SMOTHERS,English
MELSON,English
LUNDGREN,English
DONATO,English
USHER,English
THORNHILL,English
LOWMAN,English
BUTTON,English
MARIANO,English
MCBEE,English
CUPP,English
WICKHAM,English
DESTEFANO,English
NUTT,English
RAMBO,English
SAXON,English
TALBOTT,English
VOIGT,English
CEDILLO,English
MATTISON,English
SPEED,English
NULL,English
REISS,English
WESTPHAL,English
WHITTLE,English
BERNHARDT,English
BOATWRIGHT,English
BUSSEY,English
EDEN,English
ROJO,English
CRITES,English
HE,English
PLACE,English
CHAVES,English
LAROSE,English
THAMES,English
HOCH,English
KNOTTS,English
SIMONE,English
BINKLEY,English
KOESTER,English
MOYE,English
PETTIS,English
NAPOLITANO,English
HEFFNER,English
SASSER,English
JESSUP,English
AGUIAR,English
OGRADY,English
PIPPIN,English
WORTH,English
SHIVELY,English
WHITMIRE,English
CEDENO,English
RUTTER,English
WELBORN,English
MCDOUGAL,English
ANGELL,English
HAILEY,English
SACCO,English
NEEL,English
PANIAGUA,English
POINTER,English
ROHDE,English
HOLLOMAN,English
STROTHER,English
GUFFEY,English
FENNER,English
HUNTINGTON,English
SHANE,English
YUEN,English
GOSNELL,English
MARTINI,English
LOVING,English
MOLLOY,English
CHRIST,English
OLMOS,English
OAKS,English
BADILLO,English
OSTROWSKI,English
TO,English
LAPLANTE,English
MARTINDALE,English
PLEASANT,English
RICHIE,English
PALOMINO,English
RODARTE,English
STAMPS,English
PEEPLES,English
RIES,English
BROWNELL,English
ARANA,English
RODDY,English
TENNEY,English
WALZ,English
BOLT,English
LINDNER,English
RIGSBY,English
MATTESON,English
FIELDER,English
DEANDA,English
DRAYTON,English
RANDAZZO,English
RIDGE,English
TARR,English
SHADE,English
UPSHAW,English
WOODCOCK,English
HARGRAVE,English
MILEY,English
LANGER,English
WILKIE,English
YUN,English
CHOE,English
CHING,English
DUGAS,English
SAUL,English
CORDER,English
BOBBITT,English
GLADDEN,English
SPURGEON,English
TIBBS,English
WOODBURY,English
MCDANIELS,English
MCGARRY,English
WEIGEL,English
BICKEL,English
HUGHEY,English
MICHELS,English
APPLE,English
BOSLEY,English
NESMITH,English
FARBER,English
ACKLEY,English
GOODIN,English
ALMOND,English
GARRITY,English
BETTENCOURT,English
KOSS,English
FALCONE,English
LAVIGNE,English
NATION,English
RAINWATER,English
BLODGETT,English
DABNEY,English
MABE,English
TROWBRIDGE,English
LUNDQUIST,English
ROSENBERGER,English
DOMBROWSKI,English
FERRO,English
BOWLIN,English
EVANGELISTA,English
MCKELVEY,English
RODERICK,English
MICHALSKI,English
BERKOWITZ,English
MAYORGA,English
SATO,English
CORWIN,English
MCKENNEY,English
SALYER,English
ABELL,English
PALACIO,English
WALLING,English
LASH,English
COLLADO,English
GASS,English
COOKSEY,English
LUIS,English
MOLL,English
MIRAMONTES,English
LUSTER,English
SHRADER,English
TOLIVER,English
HARD,English
TU,English
MCKOY,English
SENA,English
WAINWRIGHT,English
BACKUS,English
BARELA,English
HOAG,English
KEISER,English
HUSKEY,English
BRANNAN,English
BRUMLEY,English
PALM,English
BOYNTON,English
KRAUSS,English
STEEL,English
JURADO,English
MULDER,English
PATERSON,English
SMITHSON,English
WOOLSEY,English
JOSLIN,English
RICHMAN,English
PARTIDA,English
GRISHAM,English
WOODEN,English
GOODING,English
FANG,English
MCDADE,English
SPRIGGS,English
FISHMAN,English
GABEL,English
RUTKOWSKI,English
PRIDE,English
BEALS,English
GASKIN,English
FRIDAY,English
UNDERHILL,English
MELO,English
RODAS,English
SIPES,English
ZIMMERMANN,English
HAIGHT,English
MOSQUEDA,English
BEESON,English
BANKSTON,English
JUDY,English
PIEPER,English
SIEBERT,English
HORNING,English
BUTT,English
BICE,English
PHILIPS,English
SILLS,English
EISENBERG,English
SCHUMANN,English
CONGER,English
BARE,English
HUME,English
NOLASCO,English
TRAINOR,English
WEATHERLY,English
HUEBNER,English
BOSCH,English
GAYLE,English
KUHNS,English
BYRON,English
GLAZE,English
POULIN,English
COMEAUX,English
ENRIGHT,English
LARGE,English
ROUNTREE,English
TAVAREZ,English
BEARDSLEY,English
FEE,English
RUBINO,English
GRIDER,English
BECHTEL,English
GAONA,English
WALLIN,English
MASHBURN,English
DALRYMPLE,English
GINGERICH,English
HASS,English
VACCARO,English
MANZANO,English
TYNER,English
LOWELL,English
LOZA,English
KAUFMANN,English
BISCHOFF,English
DOOLITTLE,English
SHIVERS,English
VALENTE,English
BOZEMAN,English
FELTS,English
HOWES,English
FELLER,English
JUSTUS,English
SCHNELL,English
BOETTCHER,English
IVORY,English
CORN,English
THORSON,English
BAXLEY,English
HASTY,English
HEILMAN,English
SNOOK,English
WASSERMAN,English
BARRINGER,English
FRANKEL,English
PELTIER,English
GUARINO,English
AVINA,English
STURDIVANT,English
LIEN,English
MONTEMAYOR,English
GIDDENS,English
BURCHFIELD,English
VALVERDE,English
HOLBERT,English
PANG,English
ROOKS,English
ERDMAN,English
MCMASTER,English
HARTWELL,English
INIGUEZ,English
MENCHACA,English
BORDELON,English
CHRISMAN,English
FARKAS,English
FREDRICK,English
METZLER,English
PORTERFIELD,English
SLAYTON,English
HEMBREE,English
PEEL,English
QUESADA,English
WOODLEY,English
MATHER,English
WALTZ,English
FORNEY,English
TOTTEN,English
WOOLLEY,English
TROMBLEY,English
YARBOROUGH,English
DURR,English
JAVIER,English
MACKLIN,English
MACON,English
NOVOTNY,English
AMUNDSON,English
FLAGG,English
KIDDER,English
OXENDINE,English
ARGUELLO,English
COUNCIL,English
MALLETT,English
MARLER,English
PENROD,English
KINARD,English
BREMER,English
TOWNE,English
HARLESS,English
MERKEL,English
FIFE,English
GIESE,English
BYARS,English
GRANDE,English
KUO,English
LEVI,English
DARR,English
SANABRIA,English
POUNDS,English
BRUSH,English
KEIM,English
ROEDER,English
DREYER,English
TAVERAS,English
FURLONG,English
DORRIS,English
MUSGROVE,English
PRIOR,English
MUNRO,English
WEILER,English
LEAKE,English
MUSICK,English
VOLLMER,English
HETRICK,English
PERDOMO,English
KESTER,English
LOCK,English
BASKIN,English
PINE,English
BONHAM,English
HEFFERNAN,English
MANDEL,English
HAMER,English
SARVER,English
DUCKETT,English
DAMATO,English
FULCHER,English
LOZADA,English
STOCKER,English
CAMARGO,English
SHEPHARD,English
LOFTIS,English
WINFREY,English
RUEDA,English
LEDEZMA,English
GOTTLIEB,English
LAMONT,English
BOWE,English
MACKIE,English
STOCKWELL,English
GROTH,English
CHAVIRA,English
LOHR,English
LOFTIN,English
GILMER,English
CUSHING,English
BRODY,English
NOWLIN,English
HOLIDAY,English
ARCHIE,English
SHIRK,English
HOWERTON,English
MATTHEW,English
COPLEY,English
MARCHESE,English
ECHEVERRIA,English
SOPER,English
CANTWELL,English
NELMS,English
TUGGLE,English
DUMONT,English
BARD,English
GOWER,English
MATHES,English
YEUNG,English
BUELL,English
BASTIAN,English
BROADWAY,English
BURD,English
PENG,English
GREENWELL,English
VANOVER,English
CORRELL,English
TINDALL,English
BILL,English
MULCAHY,English
DIONNE,English
RATHBUN,English
BAEZA,English
BOOHER,English
ATHERTON,English
FRIED,English
LAVIN,English
MCGINLEY,English
DONNELL,English
BAYS,English
RIEDEL,English
GRENIER,English
HAROLD,English
STYLES,English
ZACHARY,English
WISDOM,English
RALEY,English
TAMEZ,English
ARENA,English
HAZELWOOD,English
MORELLI,English
SOMERVILLE,English
LAPP,English
ROOD,English
SALEM,English
ALBRITTON,English
OLIVERA,English
PAPE,English
CARVAJAL,English
ZAYAS,English
MYER,English
HAYNIE,English
POHL,English
MARISCAL,English
WAMPLER,English
LEEPER,English
RIFE,English
NEWHOUSE,English
RODNEY,English
KINGSTON,English
SPITZER,English
VANDENBERG,English
WESSEL,English
DURDEN,English
HARTZELL,English
MARQUES,English
BORN,English
SCRIBNER,English
GERMAIN,English
ROCCO,English
TINOCO,English
MUSSELMAN,English
VALDOVINOS,English
CRITTENDEN,English
PARSLEY,English
VICENTE,English
HULSE,English
MCCLEARY,English
TIBBETTS,English
BARBOZA,English
VELARDE,English
BRODIE,English
BEAUDOIN,English
MOREIRA,English
JARA,English
MAGGARD,English
FERRANTE,English
OVERBY,English
FRIESEN,English
VIOLA,English
NELSEN,English
HASH,English
DEESE,English
DOANE,English
MESSICK,English
BAY,English
ANTON,English
INGERSOLL,English
SAUCIER,English
KWIATKOWSKI,English
RAWSON,English
BROPHY,English
LADNER,English
LEHR,English
WEIL,English
YOCUM,English
BRASHER,English
DENISON,English
HUTCHERSON,English
STOWERS,English
GELLER,English
FORTENBERRY,English
CONYERS,English
STEBBINS,English
TOOLE,English
STOKER,English
RODEN,English
CHITWOOD,English
BEEMAN,English
FANNIN,English
STRAIT,English
MARLOWE,English
GREENWALD,English
HANN,English
STUMPF,English
SAMANIEGO,English
COLTON,English
BOGART,English
MOREL,English
MONTELONGO,English
BOYLAN,English
GUIDO,English
HORSLEY,English
WYRICK,English
TENORIO,English
SALLEE,English
MOREHOUSE,English
WHYTE,English
NEILSON,English
WATANABE,English
MAGALLANES,English
MUDD,English
BRIGHAM,English
KIEFFER,English
DOLLAR,English
ALBANESE,English
HUSS,English
HIXSON,English
ROUNDS,English
SPIEGEL,English
BLANCHETTE,English
ORTH,English
VANDERPOOL,English
PFAFF,English
SHREVE,English
SPECK,English
SEVILLA,English
NERI,English
ROHR,English
RUBLE,English
VANPELT,English
CARAWAY,English
RICKMAN,English
BERNDT,English
MCHALE,English
INGALLS,English
ROYBAL,English
MONEY,English
MCDOUGALL,English
MELANCON,English
WELLINGTON,English
INGRAHAM,English
RITZ,English
LASHLEY,English
MARCHAND,English
SCHATZ,English
EBY,English
HEISER,English
ORTON,English
WIMMER,English
ATCHLEY,English
MUMFORD,English
BAHENA,English
BUEHLER,English
GAMMON,English
FIKE,English
PLANK,English
CARRIGAN,English
KEMPF,English
CUNDIFF,English
SAULS,English
SO,English
MOHLER,English
GRILLO,English
PRICHARD,English
PASTOR,English
PRASAD,English
BABIN,English
BONTRAGER,English
WEDDLE,English
ALBERTS,English
THEIS,English
LEMOINE,English
HARTNETT,English
KINGSBURY,English
BARAN,English
BIRMINGHAM,English
GAULT,English
THORP,English
OBRYAN,English
WYANT,English
CAMARA,English
SANTACRUZ,English
WHITEHOUSE,English
EVENSON,English
HALVORSON,English
PALMIERI,English
DEW,English
HANNAN,English
AU,English
CLICK,English
NOLTE,English
WOOLEY,English
EBERHARDT,English
HUNG,English
RAWLINS,English
SADOWSKI,English
SARABIA,English
MILLAR,English
SOULE,English
ENGSTROM,English
COWLES,English
RUNYAN,English
MITCHEL,English
TORRENCE,English
HEWETT,English
SILVERSTEIN,English
PILGRIM,English
YEH,English
ROSENFELD,English
HATLEY,English
MULHOLLAND,English
FAWCETT,English
DELROSARIO,English
CHINN,English
BAYLESS,English
DEE,English
DEANE,English
ARRIOLA,English
DUDA,English
KOSTER,English
KARL,English
RATH,English
WEILAND,English
LEMMON,English
BLAINE,English
